--
-- PostgreSQL database dump
--

-- Dumped from database version 11.7 (Ubuntu 11.7-0ubuntu0.19.10.1)
-- Dumped by pg_dump version 11.7 (Ubuntu 11.7-0ubuntu0.19.10.1)

SET statement_timeout = 0;
SET lock_timeout = 0;
SET idle_in_transaction_session_timeout = 0;
SET client_encoding = 'UTF8';
SET standard_conforming_strings = on;
SELECT pg_catalog.set_config('search_path', '', false);
SET check_function_bodies = false;
SET xmloption = content;
SET client_min_messages = warning;
SET row_security = off;

SET default_tablespace = '';

SET default_with_oids = false;

--
-- Name: automation; Type: TABLE; Schema: public; Owner: fred
--

CREATE TABLE public.automation (
    mosaic_username character varying(50) NOT NULL,
    mosaic_password character varying(255) NOT NULL,
    roulezeco_username character varying(50) NOT NULL,
    roulezeco_password character varying(255) NOT NULL,
    scraping_time time without time zone NOT NULL,
    id_station integer NOT NULL,
    id integer NOT NULL,
    mosaic_state character varying(50),
    roulezeco_state character varying(50),
    mosaic_last_connexion character varying,
    roulezeco_last_connexion character varying
);


ALTER TABLE public.automation OWNER TO fred;

--
-- Name: automation_id_seq; Type: SEQUENCE; Schema: public; Owner: fred
--

CREATE SEQUENCE public.automation_id_seq
    AS integer
    START WITH 1
    INCREMENT BY 1
    NO MINVALUE
    NO MAXVALUE
    CACHE 1;


ALTER TABLE public.automation_id_seq OWNER TO fred;

--
-- Name: automation_id_seq; Type: SEQUENCE OWNED BY; Schema: public; Owner: fred
--

ALTER SEQUENCE public.automation_id_seq OWNED BY public.automation.id;


--
-- Name: automation_test; Type: TABLE; Schema: public; Owner: fred
--

CREATE TABLE public.automation_test (
    id integer NOT NULL,
    url character varying(255) NOT NULL,
    scraping_time time without time zone
);


ALTER TABLE public.automation_test OWNER TO fred;

--
-- Name: invoice; Type: TABLE; Schema: public; Owner: fred
--

CREATE TABLE public.invoice (
    id_user integer NOT NULL,
    title character varying(50) NOT NULL,
    amount character varying(20) NOT NULL,
    date timestamp with time zone NOT NULL,
    id integer NOT NULL
);


ALTER TABLE public.invoice OWNER TO fred;

--
-- Name: invoice_id_seq; Type: SEQUENCE; Schema: public; Owner: fred
--

CREATE SEQUENCE public.invoice_id_seq
    AS integer
    START WITH 1
    INCREMENT BY 1
    NO MINVALUE
    NO MAXVALUE
    CACHE 1;


ALTER TABLE public.invoice_id_seq OWNER TO fred;

--
-- Name: invoice_id_seq; Type: SEQUENCE OWNED BY; Schema: public; Owner: fred
--

ALTER SEQUENCE public.invoice_id_seq OWNED BY public.invoice.id;


--
-- Name: oil; Type: TABLE; Schema: public; Owner: fred
--

CREATE TABLE public.oil (
    id integer NOT NULL,
    name character varying(30) NOT NULL
);


ALTER TABLE public.oil OWNER TO fred;

--
-- Name: station_id_seq; Type: SEQUENCE; Schema: public; Owner: fred
--

CREATE SEQUENCE public.station_id_seq
    START WITH 1
    INCREMENT BY 1
    NO MINVALUE
    MAXVALUE 9999999999
    CACHE 1;


ALTER TABLE public.station_id_seq OWNER TO fred;

--
-- Name: station; Type: TABLE; Schema: public; Owner: fred
--

CREATE TABLE public.station (
    id_user integer NOT NULL,
    name character varying(50) NOT NULL,
    street character varying(100) NOT NULL,
    cp character varying(5) NOT NULL,
    city character varying(50) NOT NULL,
    id integer DEFAULT nextval('public.station_id_seq'::regclass) NOT NULL,
    company character varying(50),
    active boolean DEFAULT false NOT NULL,
    subscription_id character varying
);


ALTER TABLE public.station OWNER TO fred;

--
-- Name: station_oil_id_seq; Type: SEQUENCE; Schema: public; Owner: fred
--

CREATE SEQUENCE public.station_oil_id_seq
    START WITH 1
    INCREMENT BY 1
    NO MINVALUE
    MAXVALUE 9999999999
    CACHE 1;


ALTER TABLE public.station_oil_id_seq OWNER TO fred;

--
-- Name: station_oil; Type: TABLE; Schema: public; Owner: fred
--

CREATE TABLE public.station_oil (
    id integer DEFAULT nextval('public.station_oil_id_seq'::regclass) NOT NULL,
    id_station integer NOT NULL,
    id_oil integer NOT NULL,
    disrupt boolean DEFAULT false NOT NULL,
    last_disrupt_date timestamp without time zone,
    oil_name character varying(50) NOT NULL
);


ALTER TABLE public.station_oil OWNER TO fred;

--
-- Name: station_oil_history; Type: TABLE; Schema: public; Owner: fred
--

CREATE TABLE public.station_oil_history (
    id_station integer NOT NULL,
    id_oil integer NOT NULL,
    price character varying(100) NOT NULL,
    date character varying(80) NOT NULL,
    id integer NOT NULL
);


ALTER TABLE public.station_oil_history OWNER TO fred;

--
-- Name: user_oil_history_2; Type: TABLE; Schema: public; Owner: fred
--

CREATE TABLE public.user_oil_history_2 (
    price character varying(100),
    date timestamp(6) without time zone,
    id integer NOT NULL
);


ALTER TABLE public.user_oil_history_2 OWNER TO fred;

--
-- Name: user_oil_history_2_id_seq; Type: SEQUENCE; Schema: public; Owner: fred
--

CREATE SEQUENCE public.user_oil_history_2_id_seq
    AS integer
    START WITH 1
    INCREMENT BY 1
    NO MINVALUE
    NO MAXVALUE
    CACHE 1;


ALTER TABLE public.user_oil_history_2_id_seq OWNER TO fred;

--
-- Name: user_oil_history_2_id_seq; Type: SEQUENCE OWNED BY; Schema: public; Owner: fred
--

ALTER SEQUENCE public.user_oil_history_2_id_seq OWNED BY public.user_oil_history_2.id;


--
-- Name: user_oil_history_id_seq; Type: SEQUENCE; Schema: public; Owner: fred
--

CREATE SEQUENCE public.user_oil_history_id_seq
    AS integer
    START WITH 1
    INCREMENT BY 1
    NO MINVALUE
    NO MAXVALUE
    CACHE 1;


ALTER TABLE public.user_oil_history_id_seq OWNER TO fred;

--
-- Name: user_oil_history_id_seq; Type: SEQUENCE OWNED BY; Schema: public; Owner: fred
--

ALTER SEQUENCE public.user_oil_history_id_seq OWNED BY public.station_oil_history.id;


--
-- Name: users_id_seq; Type: SEQUENCE; Schema: public; Owner: fred
--

CREATE SEQUENCE public.users_id_seq
    START WITH 1
    INCREMENT BY 1
    NO MINVALUE
    NO MAXVALUE
    CACHE 1;


ALTER TABLE public.users_id_seq OWNER TO fred;

--
-- Name: users; Type: TABLE; Schema: public; Owner: fred
--

CREATE TABLE public.users (
    id integer DEFAULT nextval('public.users_id_seq'::regclass) NOT NULL,
    first_name character varying(100),
    last_name character varying(100),
    street character varying(100),
    cp character varying(5),
    city character varying(50),
    siret character varying(25),
    iban character varying(50),
    free_mode boolean DEFAULT true,
    registration_date timestamp with time zone,
    company_name character varying(100),
    password character varying(255),
    email character varying(50) NOT NULL,
    activated boolean,
    tva_num character varying(30),
    tel character varying(20),
    activation_token character varying(255),
    company_cp character varying(5),
    company_city character varying(100),
    company_adresse character varying(255),
    reset_password_token character varying(255),
    civil character varying(20),
    email_alert_enabled boolean DEFAULT false,
    id_stripe character varying(60),
    email_alert character varying(80),
    payment_method character varying,
    cb_infos character varying,
    sepa_infos character varying,
    payment_method_id character varying
);


ALTER TABLE public.users OWNER TO fred;

--
-- Name: automation id; Type: DEFAULT; Schema: public; Owner: fred
--

ALTER TABLE ONLY public.automation ALTER COLUMN id SET DEFAULT nextval('public.automation_id_seq'::regclass);


--
-- Name: invoice id; Type: DEFAULT; Schema: public; Owner: fred
--

ALTER TABLE ONLY public.invoice ALTER COLUMN id SET DEFAULT nextval('public.invoice_id_seq'::regclass);


--
-- Name: station_oil_history id; Type: DEFAULT; Schema: public; Owner: fred
--

ALTER TABLE ONLY public.station_oil_history ALTER COLUMN id SET DEFAULT nextval('public.user_oil_history_id_seq'::regclass);


--
-- Name: user_oil_history_2 id; Type: DEFAULT; Schema: public; Owner: fred
--

ALTER TABLE ONLY public.user_oil_history_2 ALTER COLUMN id SET DEFAULT nextval('public.user_oil_history_2_id_seq'::regclass);


--
-- Data for Name: automation; Type: TABLE DATA; Schema: public; Owner: fred
--

COPY public.automation (mosaic_username, mosaic_password, roulezeco_username, roulezeco_password, scraping_time, id_station, id, mosaic_state, roulezeco_state, mosaic_last_connexion, roulezeco_last_connexion) FROM stdin;
tertetrrtet	{"iv":"35d4cce9cf093d36f419ffedf5ade533","content":"521620c77bce8e"}	tututuyt	{"iv":"35d4cce9cf093d36f419ffedf5ade533","content":"52162fc67bcf8e"}	21:42:00	45	39	Erreur	Erreur	\N	\N
zteatutez	{"iv":"2158a26ae2924fc6b542a4b8a8609c3c","content":"d97f7359ef798dbf2ccd"}	ryizerutz	{"iv":"2158a26ae2924fc6b542a4b8a8609c3c","content":"c27c6a54ef798dbe3b"}	16:00:00	49	42	Erreur	Erreur	\N	\N
zazazazaaz	{"iv":"fe8793ce5f2ba3f9e8d878a4fac82ff3","content":"6055777b8b0c4c018c2d"}	dssdsssdssd	{"iv":"fe8793ce5f2ba3f9e8d878a4fac82ff3","content":"625b717d800947088f"}	22:10:00	46	40	Erreur	Erreur	\N	\N
zyuiiezrizu	{"iv":"fe338ce8025572b321323124e346d90d","content":"4592c6acb22ddd59c0"}	zyuiiezrizu	{"iv":"fe338ce8025572b321323124e346d90d","content":"4592c6acb22ddd59c0"}	23:23:00	59	52	\N	\N	Jamais	Jamais
test	{"iv":"7a354db504cb4d1d71ef2698b05e651c","content":"d1317c4d"}	test	{"iv":"7a354db504cb4d1d71ef2698b05e651c","content":"d1317c4d"}	21:22:00	62	55	\N	\N	Jamais	Jamais
704846	{"iv":"7a354db504cb4d1d71ef2698b05e651c","content":"f13b7b586498f32e"}	704846	{"iv":"7a354db504cb4d1d71ef2698b05e651c","content":"f13b7b586498f32e"}	22:00:00	60	53	Actif	Actif	8 novembre 2020, 8:45	8 novembre 2020, 8:45
704846	{"iv":"7a354db504cb4d1d71ef2698b05e651c","content":"f13b7b586498f32e"}	13130006	{"iv":"7a354db504cb4d1d71ef2698b05e651c","content":"94613700"}	23:59:00	61	54	Actif	Actif	7 novembre 2020, 4:19	7 novembre 2020, 4:19
test	{"iv":"7a354db504cb4d1d71ef2698b05e651c","content":"d1317c4d"}	test	{"iv":"7a354db504cb4d1d71ef2698b05e651c","content":"d1317c4d"}	23:59:00	63	56	Erreur	Erreur	Jamais	Jamais
yueyzyrezy	{"iv":"400a58c54dda24c7aee98c2ee70a06d6","content":"d355c6c0a74565405e2f"}	eryuiyuert	{"iv":"400a58c54dda24c7aee98c2ee70a06d6","content":"cf55dac0ab427a5c5e38"}	21:21:00	58	51	Erreur	Erreur	Jamais	Jamais
704846	{"iv":"5508453e1520ac9607f19a093a8cc8f0","content":"79d3a11065a90cf3"}	704846	{"iv":"5508453e1520ac9607f19a093a8cc8f0","content":"79d3a11065a90cf3"}	21:50:00	56	49	Actif	Erreur	9 novembre 2020, 1:41	4 novembre 2020, 4:36
yrzyzzr	{"iv":"b9827883fa663d63672db845dd06b814","content":"b111465aacd64cca0507fe"}	yreuieurue	{"iv":"b9827883fa663d63672db845dd06b814","content":"b1195649adda4cca0310e2"}	15:00:00	64	57	\N	\N	Jamais	Jamais
yuyzeuery	{"iv":"d17020c15a8e04011a97c42dd3bd75b0","content":"3cd459565cdf7c"}	ertyurte	{"iv":"d17020c15a8e04011a97c42dd3bd75b0","content":"20d4555a4ddf6b87"}	08:20:00	65	58	\N	\N	Jamais	Jamais
tzytyerzr	{"iv":"d17020c15a8e04011a97c42dd3bd75b0","content":"37c3455752df7c9812f89e30"}	erytzrrez	{"iv":"d17020c15a8e04011a97c42dd3bd75b0","content":"37c345595ad77c8711"}	20:00:00	66	59	\N	\N	Jamais	Jamais
\.


--
-- Data for Name: automation_test; Type: TABLE DATA; Schema: public; Owner: fred
--

COPY public.automation_test (id, url, scraping_time) FROM stdin;
1	https://www.explorimmoneuf.com/programme/detail-12016010	13:00:00
2	https://www.explorimmoneuf.com/programme/detail-27565837	13:00:30
3	https://www.explorimmoneuf.com/programme/detail-10072556	13:01:00
4	https://www.explorimmoneuf.com/programme/detail-10072556	13:02:00
5	https://www.explorimmoneuf.com/programme/detail-11674970	13:05:00
6	https://www.explorimmoneuf.com/programme/detail-21917397	13:08:00
7	https://www.explorimmoneuf.com/programme/detail-25828167	13:08:00
8	https://www.explorimmoneuf.com/programme/detail-25868083	13:08:00
9	https://www.explorimmoneuf.com/programme/detail-28850987	13:08:00
10	https://www.explorimmoneuf.com/programme/detail-27551147	13:08:00
11	https://www.explorimmoneuf.com/programme/detail-24255395	13:08:00
12	https://www.explorimmoneuf.com/programme/detail-22651037	13:08:00
13	https://www.explorimmoneuf.com/terrain/detail-28182019	13:15:00
14	https://www.explorimmoneuf.com/terrain/detail-27034011	13:20:00
15	https://www.explorimmoneuf.com/terrain/detail-19877445	13:25:00
16	https://www.explorimmoneuf.com/terrain/detail-29346797	13:30:00
17	https://www.explorimmoneuf.com/logement/detail-22967281	13:35:00
18	https://www.explorimmoneuf.com/logement/detail-22967281	13:45:00
19	https://www.explorimmoneuf.com/programme/detail-20731343	13:45:00
20	https://www.explorimmoneuf.com/programme/detail-29124205	13:50:00
21	https://www.explorimmoneuf.com/programme/detail-29796471	13:50:15
22	https://www.explorimmoneuf.com/programme/detail-29019941	13:50:30
23	https://www.explorimmoneuf.com/programme/detail-24695883	13:55:00
24	https://www.explorimmoneuf.com/programme/detail-24695883	13:55:00
25	https://www.explorimmoneuf.com/programme/detail-22273451	13:55:00
26	https://www.explorimmoneuf.com/programme/detail-12016010	13:00:00
27	https://www.explorimmoneuf.com/programme/detail-27565837	13:00:30
28	https://www.explorimmoneuf.com/programme/detail-10072556	13:01:00
29	https://www.explorimmoneuf.com/programme/detail-10072556	13:02:00
30	https://www.explorimmoneuf.com/programme/detail-11674970	13:05:00
31	https://www.explorimmoneuf.com/programme/detail-21917397	13:08:00
32	https://www.explorimmoneuf.com/programme/detail-25828167	13:08:00
33	https://www.explorimmoneuf.com/programme/detail-25868083	13:08:00
34	https://www.explorimmoneuf.com/programme/detail-28850987	13:08:00
35	https://www.explorimmoneuf.com/programme/detail-27551147	13:08:00
36	https://www.explorimmoneuf.com/programme/detail-24255395	13:08:00
37	https://www.explorimmoneuf.com/programme/detail-22651037	13:08:00
38	https://www.explorimmoneuf.com/terrain/detail-28182019	13:15:00
39	https://www.explorimmoneuf.com/terrain/detail-27034011	13:20:00
40	https://www.explorimmoneuf.com/terrain/detail-19877445	13:25:00
41	https://www.explorimmoneuf.com/terrain/detail-29346797	13:30:00
42	https://www.explorimmoneuf.com/logement/detail-22967281	13:35:00
43	https://www.explorimmoneuf.com/logement/detail-22967281	13:45:00
44	https://www.explorimmoneuf.com/programme/detail-20731343	13:45:00
45	https://www.explorimmoneuf.com/programme/detail-29124205	13:50:00
46	https://www.explorimmoneuf.com/programme/detail-29796471	13:50:15
47	https://www.explorimmoneuf.com/programme/detail-29019941	13:50:30
48	https://www.explorimmoneuf.com/programme/detail-24695883	13:55:00
49	https://www.explorimmoneuf.com/programme/detail-24695883	13:55:00
50	https://www.explorimmoneuf.com/programme/detail-22273451	13:55:00
51	https://www.explorimmoneuf.com/programme/detail-12016010	13:00:00
52	https://www.explorimmoneuf.com/programme/detail-27565837	13:00:30
53	https://www.explorimmoneuf.com/programme/detail-10072556	13:01:00
54	https://www.explorimmoneuf.com/programme/detail-10072556	13:02:00
55	https://www.explorimmoneuf.com/programme/detail-11674970	13:05:00
56	https://www.explorimmoneuf.com/programme/detail-21917397	13:08:00
57	https://www.explorimmoneuf.com/programme/detail-25828167	13:08:00
58	https://www.explorimmoneuf.com/programme/detail-25868083	13:08:00
59	https://www.explorimmoneuf.com/programme/detail-28850987	13:08:00
60	https://www.explorimmoneuf.com/programme/detail-27551147	13:08:00
61	https://www.explorimmoneuf.com/programme/detail-24255395	13:08:00
62	https://www.explorimmoneuf.com/programme/detail-22651037	13:08:00
63	https://www.explorimmoneuf.com/terrain/detail-28182019	13:15:00
64	https://www.explorimmoneuf.com/terrain/detail-27034011	13:20:00
65	https://www.explorimmoneuf.com/terrain/detail-19877445	13:25:00
66	https://www.explorimmoneuf.com/terrain/detail-29346797	13:30:00
67	https://www.explorimmoneuf.com/logement/detail-22967281	13:35:00
68	https://www.explorimmoneuf.com/logement/detail-22967281	13:45:00
69	https://www.explorimmoneuf.com/programme/detail-20731343	13:45:00
70	https://www.explorimmoneuf.com/programme/detail-29124205	13:50:00
71	https://www.explorimmoneuf.com/programme/detail-29796471	13:50:15
72	https://www.explorimmoneuf.com/programme/detail-29019941	13:50:30
73	https://www.explorimmoneuf.com/programme/detail-24695883	13:55:00
74	https://www.explorimmoneuf.com/programme/detail-24695883	13:55:00
75	https://www.explorimmoneuf.com/programme/detail-22273451	13:55:00
76	https://www.explorimmoneuf.com/programme/detail-12016010	13:00:00
77	https://www.explorimmoneuf.com/programme/detail-27565837	13:00:30
78	https://www.explorimmoneuf.com/programme/detail-10072556	13:01:00
79	https://www.explorimmoneuf.com/programme/detail-10072556	13:02:00
80	https://www.explorimmoneuf.com/programme/detail-11674970	13:05:00
81	https://www.explorimmoneuf.com/programme/detail-21917397	13:08:00
82	https://www.explorimmoneuf.com/programme/detail-25828167	13:08:00
83	https://www.explorimmoneuf.com/programme/detail-25868083	13:08:00
84	https://www.explorimmoneuf.com/programme/detail-28850987	13:08:00
85	https://www.explorimmoneuf.com/programme/detail-27551147	13:08:00
86	https://www.explorimmoneuf.com/programme/detail-24255395	13:08:00
87	https://www.explorimmoneuf.com/programme/detail-22651037	13:08:00
88	https://www.explorimmoneuf.com/terrain/detail-28182019	13:15:00
89	https://www.explorimmoneuf.com/terrain/detail-27034011	13:20:00
90	https://www.explorimmoneuf.com/terrain/detail-19877445	13:25:00
91	https://www.explorimmoneuf.com/terrain/detail-29346797	13:30:00
92	https://www.explorimmoneuf.com/logement/detail-22967281	13:35:00
93	https://www.explorimmoneuf.com/logement/detail-22967281	13:45:00
94	https://www.explorimmoneuf.com/programme/detail-20731343	13:45:00
95	https://www.explorimmoneuf.com/programme/detail-29124205	13:50:00
96	https://www.explorimmoneuf.com/programme/detail-29796471	13:50:15
97	https://www.explorimmoneuf.com/programme/detail-29019941	13:50:30
98	https://www.explorimmoneuf.com/programme/detail-24695883	13:55:00
99	https://www.explorimmoneuf.com/programme/detail-24695883	13:55:00
100	https://www.explorimmoneuf.com/programme/detail-22273451	13:55:00
101	https://www.explorimmoneuf.com/programme/detail-12016010	13:00:00
102	https://www.explorimmoneuf.com/programme/detail-27565837	13:00:30
103	https://www.explorimmoneuf.com/programme/detail-10072556	13:01:00
104	https://www.explorimmoneuf.com/programme/detail-10072556	13:02:00
105	https://www.explorimmoneuf.com/programme/detail-11674970	13:05:00
106	https://www.explorimmoneuf.com/programme/detail-21917397	13:08:00
107	https://www.explorimmoneuf.com/programme/detail-25828167	13:08:00
108	https://www.explorimmoneuf.com/programme/detail-25868083	13:08:00
109	https://www.explorimmoneuf.com/programme/detail-28850987	13:08:00
110	https://www.explorimmoneuf.com/programme/detail-27551147	13:08:00
111	https://www.explorimmoneuf.com/programme/detail-24255395	13:08:00
112	https://www.explorimmoneuf.com/programme/detail-22651037	13:08:00
113	https://www.explorimmoneuf.com/terrain/detail-28182019	13:15:00
114	https://www.explorimmoneuf.com/terrain/detail-27034011	13:20:00
115	https://www.explorimmoneuf.com/terrain/detail-19877445	13:25:00
116	https://www.explorimmoneuf.com/terrain/detail-29346797	13:30:00
117	https://www.explorimmoneuf.com/logement/detail-22967281	13:35:00
118	https://www.explorimmoneuf.com/logement/detail-22967281	13:45:00
119	https://www.explorimmoneuf.com/programme/detail-20731343	13:45:00
120	https://www.explorimmoneuf.com/programme/detail-29124205	13:50:00
121	https://www.explorimmoneuf.com/programme/detail-29796471	13:50:15
122	https://www.explorimmoneuf.com/programme/detail-29019941	13:50:30
123	https://www.explorimmoneuf.com/programme/detail-24695883	13:55:00
124	https://www.explorimmoneuf.com/programme/detail-24695883	13:55:00
125	https://www.explorimmoneuf.com/programme/detail-22273451	13:55:00
126	https://www.explorimmoneuf.com/programme/detail-12016010	13:00:00
127	https://www.explorimmoneuf.com/programme/detail-27565837	13:00:30
128	https://www.explorimmoneuf.com/programme/detail-10072556	13:01:00
129	https://www.explorimmoneuf.com/programme/detail-10072556	13:02:00
130	https://www.explorimmoneuf.com/programme/detail-11674970	13:05:00
131	https://www.explorimmoneuf.com/programme/detail-21917397	13:08:00
132	https://www.explorimmoneuf.com/programme/detail-25828167	13:08:00
133	https://www.explorimmoneuf.com/programme/detail-25868083	13:08:00
134	https://www.explorimmoneuf.com/programme/detail-28850987	13:08:00
135	https://www.explorimmoneuf.com/programme/detail-27551147	13:08:00
136	https://www.explorimmoneuf.com/programme/detail-24255395	13:08:00
137	https://www.explorimmoneuf.com/programme/detail-22651037	13:08:00
138	https://www.explorimmoneuf.com/terrain/detail-28182019	13:15:00
139	https://www.explorimmoneuf.com/terrain/detail-27034011	13:20:00
140	https://www.explorimmoneuf.com/terrain/detail-19877445	13:25:00
141	https://www.explorimmoneuf.com/terrain/detail-29346797	13:30:00
142	https://www.explorimmoneuf.com/logement/detail-22967281	13:35:00
143	https://www.explorimmoneuf.com/logement/detail-22967281	13:45:00
144	https://www.explorimmoneuf.com/programme/detail-20731343	13:45:00
145	https://www.explorimmoneuf.com/programme/detail-29124205	13:50:00
146	https://www.explorimmoneuf.com/programme/detail-29796471	13:50:15
147	https://www.explorimmoneuf.com/programme/detail-29019941	13:50:30
148	https://www.explorimmoneuf.com/programme/detail-24695883	13:55:00
149	https://www.explorimmoneuf.com/programme/detail-24695883	13:55:00
150	https://www.explorimmoneuf.com/programme/detail-22273451	13:55:00
151	https://www.explorimmoneuf.com/programme/detail-12016010	13:00:00
152	https://www.explorimmoneuf.com/programme/detail-27565837	13:00:30
153	https://www.explorimmoneuf.com/programme/detail-10072556	13:01:00
154	https://www.explorimmoneuf.com/programme/detail-10072556	13:02:00
155	https://www.explorimmoneuf.com/programme/detail-11674970	13:05:00
156	https://www.explorimmoneuf.com/programme/detail-21917397	13:08:00
157	https://www.explorimmoneuf.com/programme/detail-25828167	13:08:00
158	https://www.explorimmoneuf.com/programme/detail-25868083	13:08:00
159	https://www.explorimmoneuf.com/programme/detail-28850987	13:08:00
160	https://www.explorimmoneuf.com/programme/detail-27551147	13:08:00
161	https://www.explorimmoneuf.com/programme/detail-24255395	13:08:00
162	https://www.explorimmoneuf.com/programme/detail-22651037	13:08:00
163	https://www.explorimmoneuf.com/terrain/detail-28182019	13:15:00
164	https://www.explorimmoneuf.com/terrain/detail-27034011	13:20:00
165	https://www.explorimmoneuf.com/terrain/detail-19877445	13:25:00
166	https://www.explorimmoneuf.com/terrain/detail-29346797	13:30:00
167	https://www.explorimmoneuf.com/logement/detail-22967281	13:35:00
168	https://www.explorimmoneuf.com/logement/detail-22967281	13:45:00
169	https://www.explorimmoneuf.com/programme/detail-20731343	13:45:00
170	https://www.explorimmoneuf.com/programme/detail-29124205	13:50:00
171	https://www.explorimmoneuf.com/programme/detail-29796471	13:50:15
172	https://www.explorimmoneuf.com/programme/detail-29019941	13:50:30
173	https://www.explorimmoneuf.com/programme/detail-24695883	13:55:00
174	https://www.explorimmoneuf.com/programme/detail-24695883	13:55:00
175	https://www.explorimmoneuf.com/programme/detail-22273451	13:55:00
176	https://www.explorimmoneuf.com/programme/detail-12016010	13:00:00
177	https://www.explorimmoneuf.com/programme/detail-27565837	13:00:30
178	https://www.explorimmoneuf.com/programme/detail-10072556	13:01:00
179	https://www.explorimmoneuf.com/programme/detail-10072556	13:02:00
180	https://www.explorimmoneuf.com/programme/detail-11674970	13:05:00
181	https://www.explorimmoneuf.com/programme/detail-21917397	13:08:00
182	https://www.explorimmoneuf.com/programme/detail-25828167	13:08:00
183	https://www.explorimmoneuf.com/programme/detail-25868083	13:08:00
184	https://www.explorimmoneuf.com/programme/detail-28850987	13:08:00
185	https://www.explorimmoneuf.com/programme/detail-27551147	13:08:00
186	https://www.explorimmoneuf.com/programme/detail-24255395	13:08:00
187	https://www.explorimmoneuf.com/programme/detail-22651037	13:08:00
188	https://www.explorimmoneuf.com/terrain/detail-28182019	13:15:00
189	https://www.explorimmoneuf.com/terrain/detail-27034011	13:20:00
190	https://www.explorimmoneuf.com/terrain/detail-19877445	13:25:00
191	https://www.explorimmoneuf.com/terrain/detail-29346797	13:30:00
192	https://www.explorimmoneuf.com/logement/detail-22967281	13:35:00
193	https://www.explorimmoneuf.com/logement/detail-22967281	13:45:00
194	https://www.explorimmoneuf.com/programme/detail-20731343	13:45:00
195	https://www.explorimmoneuf.com/programme/detail-29124205	13:50:00
196	https://www.explorimmoneuf.com/programme/detail-29796471	13:50:15
197	https://www.explorimmoneuf.com/programme/detail-29019941	13:50:30
198	https://www.explorimmoneuf.com/programme/detail-24695883	13:55:00
199	https://www.explorimmoneuf.com/programme/detail-24695883	13:55:00
200	https://www.explorimmoneuf.com/programme/detail-22273451	13:55:00
201	https://www.explorimmoneuf.com/programme/detail-12016010	13:00:00
202	https://www.explorimmoneuf.com/programme/detail-27565837	13:00:30
203	https://www.explorimmoneuf.com/programme/detail-10072556	13:01:00
204	https://www.explorimmoneuf.com/programme/detail-10072556	13:02:00
205	https://www.explorimmoneuf.com/programme/detail-11674970	13:05:00
206	https://www.explorimmoneuf.com/programme/detail-21917397	13:08:00
207	https://www.explorimmoneuf.com/programme/detail-25828167	13:08:00
208	https://www.explorimmoneuf.com/programme/detail-25868083	13:08:00
209	https://www.explorimmoneuf.com/programme/detail-28850987	13:08:00
210	https://www.explorimmoneuf.com/programme/detail-27551147	13:08:00
211	https://www.explorimmoneuf.com/programme/detail-24255395	13:08:00
212	https://www.explorimmoneuf.com/programme/detail-22651037	13:08:00
213	https://www.explorimmoneuf.com/terrain/detail-28182019	13:15:00
214	https://www.explorimmoneuf.com/terrain/detail-27034011	13:20:00
215	https://www.explorimmoneuf.com/terrain/detail-19877445	13:25:00
216	https://www.explorimmoneuf.com/terrain/detail-29346797	13:30:00
217	https://www.explorimmoneuf.com/logement/detail-22967281	13:35:00
218	https://www.explorimmoneuf.com/logement/detail-22967281	13:45:00
219	https://www.explorimmoneuf.com/programme/detail-20731343	13:45:00
220	https://www.explorimmoneuf.com/programme/detail-29124205	13:50:00
221	https://www.explorimmoneuf.com/programme/detail-29796471	13:50:15
222	https://www.explorimmoneuf.com/programme/detail-29019941	13:50:30
223	https://www.explorimmoneuf.com/programme/detail-24695883	13:55:00
224	https://www.explorimmoneuf.com/programme/detail-24695883	13:55:00
225	https://www.explorimmoneuf.com/programme/detail-22273451	13:55:00
226	https://www.explorimmoneuf.com/programme/detail-12016010	13:00:00
227	https://www.explorimmoneuf.com/programme/detail-27565837	13:00:30
228	https://www.explorimmoneuf.com/programme/detail-10072556	13:01:00
229	https://www.explorimmoneuf.com/programme/detail-10072556	13:02:00
230	https://www.explorimmoneuf.com/programme/detail-11674970	13:05:00
231	https://www.explorimmoneuf.com/programme/detail-21917397	13:08:00
232	https://www.explorimmoneuf.com/programme/detail-25828167	13:08:00
233	https://www.explorimmoneuf.com/programme/detail-25868083	13:08:00
234	https://www.explorimmoneuf.com/programme/detail-28850987	13:08:00
235	https://www.explorimmoneuf.com/programme/detail-27551147	13:08:00
236	https://www.explorimmoneuf.com/programme/detail-24255395	13:08:00
237	https://www.explorimmoneuf.com/programme/detail-22651037	13:08:00
238	https://www.explorimmoneuf.com/terrain/detail-28182019	13:15:00
239	https://www.explorimmoneuf.com/terrain/detail-27034011	13:20:00
240	https://www.explorimmoneuf.com/terrain/detail-19877445	13:25:00
241	https://www.explorimmoneuf.com/terrain/detail-29346797	13:30:00
242	https://www.explorimmoneuf.com/logement/detail-22967281	13:35:00
243	https://www.explorimmoneuf.com/logement/detail-22967281	13:45:00
244	https://www.explorimmoneuf.com/programme/detail-20731343	13:45:00
245	https://www.explorimmoneuf.com/programme/detail-29124205	13:50:00
246	https://www.explorimmoneuf.com/programme/detail-29796471	13:50:15
247	https://www.explorimmoneuf.com/programme/detail-29019941	13:50:30
248	https://www.explorimmoneuf.com/programme/detail-24695883	13:55:00
249	https://www.explorimmoneuf.com/programme/detail-24695883	13:55:00
250	https://www.explorimmoneuf.com/programme/detail-22273451	13:55:00
251	https://www.explorimmoneuf.com/programme/detail-12016010	13:00:00
252	https://www.explorimmoneuf.com/programme/detail-27565837	13:00:30
253	https://www.explorimmoneuf.com/programme/detail-10072556	13:01:00
254	https://www.explorimmoneuf.com/programme/detail-10072556	13:02:00
255	https://www.explorimmoneuf.com/programme/detail-11674970	13:05:00
256	https://www.explorimmoneuf.com/programme/detail-21917397	13:08:00
257	https://www.explorimmoneuf.com/programme/detail-25828167	13:08:00
258	https://www.explorimmoneuf.com/programme/detail-25868083	13:08:00
259	https://www.explorimmoneuf.com/programme/detail-28850987	13:08:00
260	https://www.explorimmoneuf.com/programme/detail-27551147	13:08:00
261	https://www.explorimmoneuf.com/programme/detail-24255395	13:08:00
262	https://www.explorimmoneuf.com/programme/detail-22651037	13:08:00
263	https://www.explorimmoneuf.com/terrain/detail-28182019	13:15:00
264	https://www.explorimmoneuf.com/terrain/detail-27034011	13:20:00
265	https://www.explorimmoneuf.com/terrain/detail-19877445	13:25:00
266	https://www.explorimmoneuf.com/terrain/detail-29346797	13:30:00
267	https://www.explorimmoneuf.com/logement/detail-22967281	13:35:00
268	https://www.explorimmoneuf.com/logement/detail-22967281	13:45:00
269	https://www.explorimmoneuf.com/programme/detail-20731343	13:45:00
270	https://www.explorimmoneuf.com/programme/detail-29124205	13:50:00
271	https://www.explorimmoneuf.com/programme/detail-29796471	13:50:15
272	https://www.explorimmoneuf.com/programme/detail-29019941	13:50:30
273	https://www.explorimmoneuf.com/programme/detail-24695883	13:55:00
274	https://www.explorimmoneuf.com/programme/detail-24695883	13:55:00
275	https://www.explorimmoneuf.com/programme/detail-22273451	13:55:00
276	https://www.explorimmoneuf.com/programme/detail-12016010	13:00:00
277	https://www.explorimmoneuf.com/programme/detail-27565837	13:00:30
278	https://www.explorimmoneuf.com/programme/detail-10072556	13:01:00
279	https://www.explorimmoneuf.com/programme/detail-10072556	13:02:00
280	https://www.explorimmoneuf.com/programme/detail-11674970	13:05:00
281	https://www.explorimmoneuf.com/programme/detail-21917397	13:08:00
282	https://www.explorimmoneuf.com/programme/detail-25828167	13:08:00
283	https://www.explorimmoneuf.com/programme/detail-25868083	13:08:00
284	https://www.explorimmoneuf.com/programme/detail-28850987	13:08:00
285	https://www.explorimmoneuf.com/programme/detail-27551147	13:08:00
286	https://www.explorimmoneuf.com/programme/detail-24255395	13:08:00
287	https://www.explorimmoneuf.com/programme/detail-22651037	13:08:00
288	https://www.explorimmoneuf.com/terrain/detail-28182019	13:15:00
289	https://www.explorimmoneuf.com/terrain/detail-27034011	13:20:00
290	https://www.explorimmoneuf.com/terrain/detail-19877445	13:25:00
291	https://www.explorimmoneuf.com/terrain/detail-29346797	13:30:00
292	https://www.explorimmoneuf.com/logement/detail-22967281	13:35:00
293	https://www.explorimmoneuf.com/logement/detail-22967281	13:45:00
294	https://www.explorimmoneuf.com/programme/detail-20731343	13:45:00
295	https://www.explorimmoneuf.com/programme/detail-29124205	13:50:00
296	https://www.explorimmoneuf.com/programme/detail-29796471	13:50:15
297	https://www.explorimmoneuf.com/programme/detail-29019941	13:50:30
298	https://www.explorimmoneuf.com/programme/detail-24695883	13:55:00
299	https://www.explorimmoneuf.com/programme/detail-24695883	13:55:00
300	https://www.explorimmoneuf.com/programme/detail-22273451	13:55:00
301	https://www.explorimmoneuf.com/programme/detail-12016010	13:00:00
302	https://www.explorimmoneuf.com/programme/detail-27565837	13:00:30
303	https://www.explorimmoneuf.com/programme/detail-10072556	13:01:00
304	https://www.explorimmoneuf.com/programme/detail-10072556	13:02:00
305	https://www.explorimmoneuf.com/programme/detail-11674970	13:05:00
306	https://www.explorimmoneuf.com/programme/detail-21917397	13:08:00
307	https://www.explorimmoneuf.com/programme/detail-25828167	13:08:00
308	https://www.explorimmoneuf.com/programme/detail-25868083	13:08:00
309	https://www.explorimmoneuf.com/programme/detail-28850987	13:08:00
310	https://www.explorimmoneuf.com/programme/detail-27551147	13:08:00
311	https://www.explorimmoneuf.com/programme/detail-24255395	13:08:00
312	https://www.explorimmoneuf.com/programme/detail-22651037	13:08:00
313	https://www.explorimmoneuf.com/terrain/detail-28182019	13:15:00
314	https://www.explorimmoneuf.com/terrain/detail-27034011	13:20:00
315	https://www.explorimmoneuf.com/terrain/detail-19877445	13:25:00
316	https://www.explorimmoneuf.com/terrain/detail-29346797	13:30:00
317	https://www.explorimmoneuf.com/logement/detail-22967281	13:35:00
318	https://www.explorimmoneuf.com/logement/detail-22967281	13:45:00
319	https://www.explorimmoneuf.com/programme/detail-20731343	13:45:00
320	https://www.explorimmoneuf.com/programme/detail-29124205	13:50:00
321	https://www.explorimmoneuf.com/programme/detail-29796471	13:50:15
322	https://www.explorimmoneuf.com/programme/detail-29019941	13:50:30
323	https://www.explorimmoneuf.com/programme/detail-24695883	13:55:00
324	https://www.explorimmoneuf.com/programme/detail-24695883	13:55:00
325	https://www.explorimmoneuf.com/programme/detail-22273451	13:55:00
326	https://www.explorimmoneuf.com/programme/detail-12016010	13:00:00
327	https://www.explorimmoneuf.com/programme/detail-27565837	13:00:30
328	https://www.explorimmoneuf.com/programme/detail-10072556	13:01:00
329	https://www.explorimmoneuf.com/programme/detail-10072556	13:02:00
330	https://www.explorimmoneuf.com/programme/detail-11674970	13:05:00
331	https://www.explorimmoneuf.com/programme/detail-21917397	13:08:00
332	https://www.explorimmoneuf.com/programme/detail-25828167	13:08:00
333	https://www.explorimmoneuf.com/programme/detail-25868083	13:08:00
334	https://www.explorimmoneuf.com/programme/detail-28850987	13:08:00
335	https://www.explorimmoneuf.com/programme/detail-27551147	13:08:00
336	https://www.explorimmoneuf.com/programme/detail-24255395	13:08:00
337	https://www.explorimmoneuf.com/programme/detail-22651037	13:08:00
338	https://www.explorimmoneuf.com/terrain/detail-28182019	13:15:00
339	https://www.explorimmoneuf.com/terrain/detail-27034011	13:20:00
340	https://www.explorimmoneuf.com/terrain/detail-19877445	13:25:00
341	https://www.explorimmoneuf.com/terrain/detail-29346797	13:30:00
342	https://www.explorimmoneuf.com/logement/detail-22967281	13:35:00
343	https://www.explorimmoneuf.com/logement/detail-22967281	13:45:00
344	https://www.explorimmoneuf.com/programme/detail-20731343	13:45:00
345	https://www.explorimmoneuf.com/programme/detail-29124205	13:50:00
346	https://www.explorimmoneuf.com/programme/detail-29796471	13:50:15
347	https://www.explorimmoneuf.com/programme/detail-29019941	13:50:30
348	https://www.explorimmoneuf.com/programme/detail-24695883	13:55:00
349	https://www.explorimmoneuf.com/programme/detail-24695883	13:55:00
350	https://www.explorimmoneuf.com/programme/detail-22273451	13:55:00
351	https://www.explorimmoneuf.com/programme/detail-12016010	13:00:00
352	https://www.explorimmoneuf.com/programme/detail-27565837	13:00:30
353	https://www.explorimmoneuf.com/programme/detail-10072556	13:01:00
354	https://www.explorimmoneuf.com/programme/detail-10072556	13:02:00
355	https://www.explorimmoneuf.com/programme/detail-11674970	13:05:00
356	https://www.explorimmoneuf.com/programme/detail-21917397	13:08:00
357	https://www.explorimmoneuf.com/programme/detail-25828167	13:08:00
358	https://www.explorimmoneuf.com/programme/detail-25868083	13:08:00
359	https://www.explorimmoneuf.com/programme/detail-28850987	13:08:00
360	https://www.explorimmoneuf.com/programme/detail-27551147	13:08:00
361	https://www.explorimmoneuf.com/programme/detail-24255395	13:08:00
362	https://www.explorimmoneuf.com/programme/detail-22651037	13:08:00
363	https://www.explorimmoneuf.com/terrain/detail-28182019	13:15:00
364	https://www.explorimmoneuf.com/terrain/detail-27034011	13:20:00
365	https://www.explorimmoneuf.com/terrain/detail-19877445	13:25:00
366	https://www.explorimmoneuf.com/terrain/detail-29346797	13:30:00
367	https://www.explorimmoneuf.com/logement/detail-22967281	13:35:00
368	https://www.explorimmoneuf.com/logement/detail-22967281	13:45:00
369	https://www.explorimmoneuf.com/programme/detail-20731343	13:45:00
370	https://www.explorimmoneuf.com/programme/detail-29124205	13:50:00
371	https://www.explorimmoneuf.com/programme/detail-29796471	13:50:15
372	https://www.explorimmoneuf.com/programme/detail-29019941	13:50:30
373	https://www.explorimmoneuf.com/programme/detail-24695883	13:55:00
374	https://www.explorimmoneuf.com/programme/detail-24695883	13:55:00
375	https://www.explorimmoneuf.com/programme/detail-22273451	13:55:00
376	https://www.explorimmoneuf.com/programme/detail-12016010	13:00:00
377	https://www.explorimmoneuf.com/programme/detail-27565837	13:00:30
378	https://www.explorimmoneuf.com/programme/detail-10072556	13:01:00
379	https://www.explorimmoneuf.com/programme/detail-10072556	13:02:00
380	https://www.explorimmoneuf.com/programme/detail-11674970	13:05:00
381	https://www.explorimmoneuf.com/programme/detail-21917397	13:08:00
382	https://www.explorimmoneuf.com/programme/detail-25828167	13:08:00
383	https://www.explorimmoneuf.com/programme/detail-25868083	13:08:00
384	https://www.explorimmoneuf.com/programme/detail-28850987	13:08:00
385	https://www.explorimmoneuf.com/programme/detail-27551147	13:08:00
386	https://www.explorimmoneuf.com/programme/detail-24255395	13:08:00
387	https://www.explorimmoneuf.com/programme/detail-22651037	13:08:00
388	https://www.explorimmoneuf.com/terrain/detail-28182019	13:15:00
389	https://www.explorimmoneuf.com/terrain/detail-27034011	13:20:00
390	https://www.explorimmoneuf.com/terrain/detail-19877445	13:25:00
391	https://www.explorimmoneuf.com/terrain/detail-29346797	13:30:00
392	https://www.explorimmoneuf.com/logement/detail-22967281	13:35:00
393	https://www.explorimmoneuf.com/logement/detail-22967281	13:45:00
394	https://www.explorimmoneuf.com/programme/detail-20731343	13:45:00
395	https://www.explorimmoneuf.com/programme/detail-29124205	13:50:00
396	https://www.explorimmoneuf.com/programme/detail-29796471	13:50:15
397	https://www.explorimmoneuf.com/programme/detail-29019941	13:50:30
398	https://www.explorimmoneuf.com/programme/detail-24695883	13:55:00
399	https://www.explorimmoneuf.com/programme/detail-24695883	13:55:00
400	https://www.explorimmoneuf.com/programme/detail-22273451	13:55:00
\.


--
-- Data for Name: invoice; Type: TABLE DATA; Schema: public; Owner: fred
--

COPY public.invoice (id_user, title, amount, date, id) FROM stdin;
\.


--
-- Data for Name: oil; Type: TABLE DATA; Schema: public; Owner: fred
--

COPY public.oil (id, name) FROM stdin;
1	Go
2	SP95
3	E85
4	GPLc
5	SP95-E10
6	SP98
\.


--
-- Data for Name: station; Type: TABLE DATA; Schema: public; Owner: fred
--

COPY public.station (id_user, name, street, cp, city, id, company, active, subscription_id) FROM stdin;
66	Total Avignon Gare	20 avenue Clémenceau	84000	Avignon	49	Total	f	\N
70	Total Port à l'Anglais	94 avenue Heller	94400	Vitry-sur-Seine	58	Total	t	sub_IKjlCFRrjpKmFa
70	Esso Villejuif N7	295 boulevard Maxime Gorky	94800	Villejuif	56	Esso	t	sub_IKSrD4OiTndbFb
71	Total Créteil soleil 2	Centre cial Créteil Soleil	94000	Créteil	59	Total	f	\N
74	CAPITOLE	RD 113 les grapoux	13130	BERRE L ETANG	61	AF DISTRIBUTION	f	\N
61	Total L'Hay	30 boulevard de l'Acropole	94310	L'Haÿ-les-Roses	45	Total	f	\N
73	TEST3	12 rue des lilas	38100	Grenoble	63	ESSO	f	\N
73	test2	5 rues des lilas	38100	Grenoble	62	ESSO	f	\N
73	Vraie Station Marcel	14 rue des lilas	38100	Grenoble	60	Total	f	\N
70	Total Ivry RER	80 avenue Lénine	94200	Ivry-sur-Seine	64	\N	f	\N
81	Total Boulogne Marcel Sembat	25 avenue Marcel Sembat	92100	Boulogne-Billancourt	65	\N	t	sub_IMK9WPNCiLCdge
81	euyriuery	yzeeurturetr	94800	treyzttrute	66	\N	f	\N
61	Total Rosny	224 boulevard Maxime Gorky	93450	Rosny-sous-bavois	46	Total	f	\N
\.


--
-- Data for Name: station_oil; Type: TABLE DATA; Schema: public; Owner: fred
--

COPY public.station_oil (id, id_station, id_oil, disrupt, last_disrupt_date, oil_name) FROM stdin;
153	56	1	f	\N	Gazole
154	56	2	f	\N	Sans Plomb 95
155	56	3	f	\N	Sans Plomb 98
156	56	4	f	\N	Excellium
160	58	1	f	\N	Gazole
161	58	4	t	2020-11-05 08:57:15	Excellium
162	59	1	f	\N	Gazole
163	59	2	f	\N	Sans Plomb 95
164	59	4	t	2020-11-06 08:59:18	Excellium
168	61	1	f	\N	Gazole
129	49	1	f	2020-10-28 09:46:21	Gazole
130	49	2	f	2020-10-27 17:12:28	Sans Plomb 95
131	49	3	t	2020-10-28 09:46:31	Sans Plomb 98
132	49	4	f	2020-10-27 17:12:36	Excellium
169	61	2	f	\N	Sans Plomb 95
170	61	3	f	\N	Sans Plomb 98
171	61	4	f	\N	Excellium
172	63	2	f	\N	Sans Plomb 95
173	60	1	f	\N	Gazole
107	45	1	f	2020-10-23 14:08:07	Gazole
174	60	2	f	\N	Sans Plomb 95
119	46	1	t	2020-10-26 07:40:59	Gazole
120	46	2	f	2020-10-23 14:08:23	Sans Plomb 95
175	64	1	f	2020-11-09 14:07:06	Go
176	64	2	f	2020-11-09 14:07:06	SP95
177	64	3	f	2020-11-09 14:07:06	E85
178	64	4	f	2020-11-09 14:07:06	GPLc
179	64	5	f	2020-11-09 14:07:06	SP95-E10
180	64	6	t	2020-11-09 14:07:12	SP98
181	65	1	f	\N	Go
182	65	2	f	\N	SP95
183	65	6	f	\N	SP98
\.


--
-- Data for Name: station_oil_history; Type: TABLE DATA; Schema: public; Owner: fred
--

COPY public.station_oil_history (id_station, id_oil, price, date, id) FROM stdin;
\.


--
-- Data for Name: user_oil_history_2; Type: TABLE DATA; Schema: public; Owner: fred
--

COPY public.user_oil_history_2 (price, date, id) FROM stdin;
ce">251&nbsp;600&nbsp;€ </span></span><div class="btn-partne	2020-07-23 08:02:06.261329	8479
ce">251&nbsp;600&nbsp;€ </span></span><div class="btn-partne	2020-07-23 08:02:06.275012	8480
ce">251&nbsp;600&nbsp;€ </span></span><div class="btn-partne	2020-07-23 08:02:06.343102	8481
ce">251&nbsp;600&nbsp;€ </span></span><div class="btn-partne	2020-07-23 08:02:06.501166	8482
ce">251&nbsp;600&nbsp;€ </span></span><div class="btn-partne	2020-07-23 08:02:06.539166	8483
ce">251&nbsp;600&nbsp;€ </span></span><div class="btn-partne	2020-07-23 08:02:06.558466	8484
ce">251&nbsp;600&nbsp;€ </span></span><div class="btn-partne	2020-07-23 08:02:06.589104	8485
ce">251&nbsp;600&nbsp;€ </span></span><div class="btn-partne	2020-07-23 08:02:06.610518	8486
ce">251&nbsp;600&nbsp;€ </span></span><div class="btn-partne	2020-07-23 08:02:06.661645	8487
ce">251&nbsp;600&nbsp;€ </span></span><div class="btn-partne	2020-07-23 08:02:06.840836	8488
ce">251&nbsp;600&nbsp;€ </span></span><div class="btn-partne	2020-07-23 08:02:06.878686	8489
ce">251&nbsp;600&nbsp;€ </span></span><div class="btn-partne	2020-07-23 08:02:06.960872	8490
ce">251&nbsp;600&nbsp;€ </span></span><div class="btn-partne	2020-07-23 08:02:06.972542	8491
ce">251&nbsp;600&nbsp;€ </span></span><div class="btn-partne	2020-07-23 08:02:07.056155	8492
ce">251&nbsp;600&nbsp;€ </span></span><div class="btn-partne	2020-07-23 08:02:07.134277	8493
ce">251&nbsp;600&nbsp;€ </span></span><div class="btn-partne	2020-07-23 08:02:07.182523	8494
ce">251&nbsp;600&nbsp;€ </span></span><div class="btn-partne	2020-07-23 08:02:12.017713	8495
ce">251&nbsp;600&nbsp;€ </span></span><div class="btn-partne	2020-07-23 08:02:12.211037	8496
ce">251&nbsp;600&nbsp;€ </span></span><div class="btn-partne	2020-07-23 08:02:12.240741	8497
ce">251&nbsp;600&nbsp;€ </span></span><div class="btn-partne	2020-07-23 08:02:12.717575	8498
ce">251&nbsp;600&nbsp;€ </span></span><div class="btn-partne	2020-07-23 08:02:12.808216	8499
ce">251&nbsp;600&nbsp;€ </span></span><div class="btn-partne	2020-07-23 08:02:12.876091	8500
ce">251&nbsp;600&nbsp;€ </span></span><div class="btn-partne	2020-07-23 08:02:12.914928	8501
ce">251&nbsp;600&nbsp;€ </span></span><div class="btn-partne	2020-07-23 08:02:12.929204	8502
ce">251&nbsp;600&nbsp;€ </span></span><div class="btn-partne	2020-07-23 08:02:13.230213	8503
ce">251&nbsp;600&nbsp;€ </span></span><div class="btn-partne	2020-07-23 08:02:13.473847	8504
ce">251&nbsp;600&nbsp;€ </span></span><div class="btn-partne	2020-07-23 08:02:13.604809	8505
ce">251&nbsp;600&nbsp;€ </span></span><div class="btn-partne	2020-07-23 08:02:13.725268	8506
ce">251&nbsp;600&nbsp;€ </span></span><div class="btn-partne	2020-07-23 08:02:13.797965	8507
ce">251&nbsp;600&nbsp;€ </span></span><div class="btn-partne	2020-07-23 08:02:13.808028	8508
ce">251&nbsp;600&nbsp;€ </span></span><div class="btn-partne	2020-07-23 08:02:13.98817	8509
ce">251&nbsp;600&nbsp;€ </span></span><div class="btn-partne	2020-07-23 08:02:13.999766	8510
ce">251&nbsp;600&nbsp;€ </span></span><div class="btn-partne	2020-07-23 08:02:18.353853	8511
ce">251&nbsp;600&nbsp;€ </span></span><div class="btn-partne	2020-07-23 08:02:18.396315	8512
ce">251&nbsp;600&nbsp;€ </span></span><div class="btn-partne	2020-07-23 08:02:18.493364	8513
ce">251&nbsp;600&nbsp;€ </span></span><div class="btn-partne	2020-07-23 08:02:19.150398	8514
ce">251&nbsp;600&nbsp;€ </span></span><div class="btn-partne	2020-07-23 08:02:19.188665	8515
ce">251&nbsp;600&nbsp;€ </span></span><div class="btn-partne	2020-07-23 08:02:19.217498	8516
ce">251&nbsp;600&nbsp;€ </span></span><div class="btn-partne	2020-07-23 08:02:19.29464	8517
ce">251&nbsp;600&nbsp;€ </span></span><div class="btn-partne	2020-07-23 08:02:19.501039	8518
ce">251&nbsp;600&nbsp;€ </span></span><div class="btn-partne	2020-07-23 08:02:19.656365	8519
ce">251&nbsp;600&nbsp;€ </span></span><div class="btn-partne	2020-07-23 08:02:19.666291	8520
ce">251&nbsp;600&nbsp;€ </span></span><div class="btn-partne	2020-07-23 08:02:19.853702	8521
ce">251&nbsp;600&nbsp;€ </span></span><div class="btn-partne	2020-07-23 08:02:19.998911	8522
ce">251&nbsp;600&nbsp;€ </span></span><div class="btn-partne	2020-07-23 08:02:20.197257	8523
ce">251&nbsp;600&nbsp;€ </span></span><div class="btn-partne	2020-07-23 08:02:20.210524	8524
ce">251&nbsp;600&nbsp;€ </span></span><div class="btn-partne	2020-07-23 08:02:20.514482	8525
ce">251&nbsp;600&nbsp;€ </span></span><div class="btn-partne	2020-07-23 08:02:20.711723	8526
ce">251&nbsp;600&nbsp;€ </span></span><div class="btn-partne	2020-07-23 08:02:24.450548	8527
ce">251&nbsp;600&nbsp;€ </span></span><div class="btn-partne	2020-07-23 08:02:24.761309	8528
ce">251&nbsp;600&nbsp;€ </span></span><div class="btn-partne	2020-07-23 08:02:25.039246	8529
ce">251&nbsp;600&nbsp;€ </span></span><div class="btn-partne	2020-07-23 08:02:25.449206	8530
ce">251&nbsp;600&nbsp;€ </span></span><div class="btn-partne	2020-07-23 08:02:25.508628	8531
ce">251&nbsp;600&nbsp;€ </span></span><div class="btn-partne	2020-07-23 08:02:25.604548	8532
ce">251&nbsp;600&nbsp;€ </span></span><div class="btn-partne	2020-07-23 08:02:25.715431	8533
ce">251&nbsp;600&nbsp;€ </span></span><div class="btn-partne	2020-07-23 08:02:25.803734	8534
ce">251&nbsp;600&nbsp;€ </span></span><div class="btn-partne	2020-07-23 08:02:26.151856	8535
ce">251&nbsp;600&nbsp;€ </span></span><div class="btn-partne	2020-07-23 08:02:26.196664	8536
ce">251&nbsp;600&nbsp;€ </span></span><div class="btn-partne	2020-07-23 08:02:26.213186	8537
ce">251&nbsp;600&nbsp;€ </span></span><div class="btn-partne	2020-07-23 08:02:26.356145	8538
ce">251&nbsp;600&nbsp;€ </span></span><div class="btn-partne	2020-07-23 08:02:26.578275	8539
ce">251&nbsp;600&nbsp;€ </span></span><div class="btn-partne	2020-07-23 08:02:26.69672	8540
ce">251&nbsp;600&nbsp;€ </span></span><div class="btn-partne	2020-07-23 08:02:27.152367	8541
ce">251&nbsp;600&nbsp;€ </span></span><div class="btn-partne	2020-07-23 08:02:27.1632	8542
ce">251&nbsp;600&nbsp;€ </span></span><div class="btn-partne	2020-07-23 08:02:30.742721	8543
ce">251&nbsp;600&nbsp;€ </span></span><div class="btn-partne	2020-07-23 08:02:30.83037	8544
ce">251&nbsp;600&nbsp;€ </span></span><div class="btn-partne	2020-07-23 08:02:30.931661	8545
ce">251&nbsp;600&nbsp;€ </span></span><div class="btn-partne	2020-07-23 08:02:31.768513	8546
ce">251&nbsp;600&nbsp;€ </span></span><div class="btn-partne	2020-07-23 08:02:31.897947	8547
ce">251&nbsp;600&nbsp;€ </span></span><div class="btn-partne	2020-07-23 08:02:31.992532	8548
ce">251&nbsp;600&nbsp;€ </span></span><div class="btn-partne	2020-07-23 08:02:32.000765	8549
ce">251&nbsp;600&nbsp;€ </span></span><div class="btn-partne	2020-07-23 08:02:32.173399	8550
ce">251&nbsp;600&nbsp;€ </span></span><div class="btn-partne	2020-07-23 08:02:32.332103	8551
ce">251&nbsp;600&nbsp;€ </span></span><div class="btn-partne	2020-07-23 08:02:32.485197	8552
ce">251&nbsp;600&nbsp;€ </span></span><div class="btn-partne	2020-07-23 08:02:32.515369	8553
ce">251&nbsp;600&nbsp;€ </span></span><div class="btn-partne	2020-07-23 08:02:32.660501	8554
ce">251&nbsp;600&nbsp;€ </span></span><div class="btn-partne	2020-07-23 08:02:33.341998	8555
ce">251&nbsp;600&nbsp;€ </span></span><div class="btn-partne	2020-07-23 08:02:33.466153	8556
ce">251&nbsp;600&nbsp;€ </span></span><div class="btn-partne	2020-07-23 08:02:33.474604	8557
ce">251&nbsp;600&nbsp;€ </span></span><div class="btn-partne	2020-07-23 08:02:33.685144	8558
ce">251&nbsp;600&nbsp;€ </span></span><div class="btn-partne	2020-07-23 08:02:37.091307	8559
ce">251&nbsp;600&nbsp;€ </span></span><div class="btn-partne	2020-07-23 08:02:37.296083	8560
ce">251&nbsp;600&nbsp;€ </span></span><div class="btn-partne	2020-07-23 08:02:37.611084	8561
ce">251&nbsp;600&nbsp;€ </span></span><div class="btn-partne	2020-07-23 08:02:37.907503	8562
ce">251&nbsp;600&nbsp;€ </span></span><div class="btn-partne	2020-07-23 08:02:38.126979	8563
ce">251&nbsp;600&nbsp;€ </span></span><div class="btn-partne	2020-07-23 08:02:38.336212	8564
ce">251&nbsp;600&nbsp;€ </span></span><div class="btn-partne	2020-07-23 08:02:38.561635	8565
ce">251&nbsp;600&nbsp;€ </span></span><div class="btn-partne	2020-07-23 08:02:38.635629	8566
ce">251&nbsp;600&nbsp;€ </span></span><div class="btn-partne	2020-07-23 08:02:38.740518	8567
ce">251&nbsp;600&nbsp;€ </span></span><div class="btn-partne	2020-07-23 08:02:38.971418	8568
ce">251&nbsp;600&nbsp;€ </span></span><div class="btn-partne	2020-07-23 08:02:38.996684	8569
ce">251&nbsp;600&nbsp;€ </span></span><div class="btn-partne	2020-07-23 08:02:39.164202	8570
ce">251&nbsp;600&nbsp;€ </span></span><div class="btn-partne	2020-07-23 08:02:39.731892	8571
ce">251&nbsp;600&nbsp;€ </span></span><div class="btn-partne	2020-07-23 08:02:39.779351	8572
ce">251&nbsp;600&nbsp;€ </span></span><div class="btn-partne	2020-07-23 08:02:39.788065	8573
ce">251&nbsp;600&nbsp;€ </span></span><div class="btn-partne	2020-07-23 08:02:40.019197	8574
ce">251&nbsp;600&nbsp;€ </span></span><div class="btn-partne	2020-07-23 08:02:43.576033	8575
ce">251&nbsp;600&nbsp;€ </span></span><div class="btn-partne	2020-07-23 08:02:43.659654	8576
ce">251&nbsp;600&nbsp;€ </span></span><div class="btn-partne	2020-07-23 08:02:44.006729	8577
ce">251&nbsp;600&nbsp;€ </span></span><div class="btn-partne	2020-07-23 08:02:44.091867	8578
ce">251&nbsp;600&nbsp;€ </span></span><div class="btn-partne	2020-07-23 08:02:44.38817	8579
ce">251&nbsp;600&nbsp;€ </span></span><div class="btn-partne	2020-07-23 08:02:44.555418	8580
ce">251&nbsp;600&nbsp;€ </span></span><div class="btn-partne	2020-07-23 08:02:44.820873	8581
ce">251&nbsp;600&nbsp;€ </span></span><div class="btn-partne	2020-07-23 08:02:44.968645	8582
ce">251&nbsp;600&nbsp;€ </span></span><div class="btn-partne	2020-07-23 08:02:44.979606	8583
ce">251&nbsp;600&nbsp;€ </span></span><div class="btn-partne	2020-07-23 08:02:45.110553	8584
ce">251&nbsp;600&nbsp;€ </span></span><div class="btn-partne	2020-07-23 08:02:45.306563	8585
ce">251&nbsp;600&nbsp;€ </span></span><div class="btn-partne	2020-07-23 08:02:45.51132	8586
ce">251&nbsp;600&nbsp;€ </span></span><div class="btn-partne	2020-07-23 08:02:45.881525	8587
ce">251&nbsp;600&nbsp;€ </span></span><div class="btn-partne	2020-07-23 08:02:46.116976	8588
ce">251&nbsp;600&nbsp;€ </span></span><div class="btn-partne	2020-07-23 08:02:46.13426	8589
ce">251&nbsp;600&nbsp;€ </span></span><div class="btn-partne	2020-07-23 08:02:46.360401	8590
ce">251&nbsp;600&nbsp;€ </span></span><div class="btn-partne	2020-07-23 08:02:49.925443	8591
ce">251&nbsp;600&nbsp;€ </span></span><div class="btn-partne	2020-07-23 08:02:49.962965	8592
ce">251&nbsp;600&nbsp;€ </span></span><div class="btn-partne	2020-07-23 08:02:50.565983	8593
ce">251&nbsp;600&nbsp;€ </span></span><div class="btn-partne	2020-07-23 08:02:50.604664	8594
ce">251&nbsp;600&nbsp;€ </span></span><div class="btn-partne	2020-07-23 08:02:50.828693	8595
ce">251&nbsp;600&nbsp;€ </span></span><div class="btn-partne	2020-07-23 08:02:50.939867	8596
ce">251&nbsp;600&nbsp;€ </span></span><div class="btn-partne	2020-07-23 08:02:51.120079	8597
ce">251&nbsp;600&nbsp;€ </span></span><div class="btn-partne	2020-07-23 08:02:51.138221	8598
ce">251&nbsp;600&nbsp;€ </span></span><div class="btn-partne	2020-07-23 08:02:51.146214	8599
ce">251&nbsp;600&nbsp;€ </span></span><div class="btn-partne	2020-07-23 08:02:51.466289	8600
ce">251&nbsp;600&nbsp;€ </span></span><div class="btn-partne	2020-07-23 08:02:51.777864	8601
ce">251&nbsp;600&nbsp;€ </span></span><div class="btn-partne	2020-07-23 08:02:51.861331	8602
ce">251&nbsp;600&nbsp;€ </span></span><div class="btn-partne	2020-07-23 08:02:51.972582	8603
ce">251&nbsp;600&nbsp;€ </span></span><div class="btn-partne	2020-07-23 08:02:52.269205	8604
ce">251&nbsp;600&nbsp;€ </span></span><div class="btn-partne	2020-07-23 08:02:52.31306	8605
ce">251&nbsp;600&nbsp;€ </span></span><div class="btn-partne	2020-07-23 08:02:52.610823	8606
ce">251&nbsp;600&nbsp;€ </span></span><div class="btn-partne	2020-07-23 08:02:56.321447	8607
ce">251&nbsp;600&nbsp;€ </span></span><div class="btn-partne	2020-07-23 08:02:56.585573	8608
ce">251&nbsp;600&nbsp;€ </span></span><div class="btn-partne	2020-07-23 08:02:56.886887	8609
ce">251&nbsp;600&nbsp;€ </span></span><div class="btn-partne	2020-07-23 08:02:57.096448	8610
ce">251&nbsp;600&nbsp;€ </span></span><div class="btn-partne	2020-07-23 08:02:57.11325	8611
ce">251&nbsp;600&nbsp;€ </span></span><div class="btn-partne	2020-07-23 08:02:57.217533	8612
ce">251&nbsp;600&nbsp;€ </span></span><div class="btn-partne	2020-07-23 08:02:57.458951	8613
ce">251&nbsp;600&nbsp;€ </span></span><div class="btn-partne	2020-07-23 08:02:57.651414	8614
ce">251&nbsp;600&nbsp;€ </span></span><div class="btn-partne	2020-07-23 08:02:57.699438	8615
ce">251&nbsp;600&nbsp;€ </span></span><div class="btn-partne	2020-07-23 08:02:57.932124	8616
ce">251&nbsp;600&nbsp;€ </span></span><div class="btn-partne	2020-07-23 08:02:57.987411	8617
ce">251&nbsp;600&nbsp;€ </span></span><div class="btn-partne	2020-07-23 08:02:58.170317	8618
ce">251&nbsp;600&nbsp;€ </span></span><div class="btn-partne	2020-07-23 08:02:58.305454	8619
ce">251&nbsp;600&nbsp;€ </span></span><div class="btn-partne	2020-07-23 08:02:58.370521	8620
ce">251&nbsp;600&nbsp;€ </span></span><div class="btn-partne	2020-07-23 08:02:58.553837	8621
ce">251&nbsp;600&nbsp;€ </span></span><div class="btn-partne	2020-07-23 08:02:58.889577	8622
ce">251&nbsp;600&nbsp;€ </span></span><div class="btn-partne	2020-07-23 08:03:02.551507	8623
ce">251&nbsp;600&nbsp;€ </span></span><div class="btn-partne	2020-07-23 08:03:03.074017	8624
ce">251&nbsp;600&nbsp;€ </span></span><div class="btn-partne	2020-07-23 08:03:03.210091	8625
ce">251&nbsp;600&nbsp;€ </span></span><div class="btn-partne	2020-07-23 08:03:03.297952	8626
ce">251&nbsp;600&nbsp;€ </span></span><div class="btn-partne	2020-07-23 08:03:03.383076	8627
ce">251&nbsp;600&nbsp;€ </span></span><div class="btn-partne	2020-07-23 08:03:03.659946	8628
ce">251&nbsp;600&nbsp;€ </span></span><div class="btn-partne	2020-07-23 08:03:03.772978	8629
ce">251&nbsp;600&nbsp;€ </span></span><div class="btn-partne	2020-07-23 08:03:03.979337	8630
ce">251&nbsp;600&nbsp;€ </span></span><div class="btn-partne	2020-07-23 08:03:04.053149	8631
ce">251&nbsp;600&nbsp;€ </span></span><div class="btn-partne	2020-07-23 08:03:04.230305	8632
ce">251&nbsp;600&nbsp;€ </span></span><div class="btn-partne	2020-07-23 08:03:04.368171	8633
ce">251&nbsp;600&nbsp;€ </span></span><div class="btn-partne	2020-07-23 08:03:04.572573	8634
ce">251&nbsp;600&nbsp;€ </span></span><div class="btn-partne	2020-07-23 08:03:04.67744	8635
ce">251&nbsp;600&nbsp;€ </span></span><div class="btn-partne	2020-07-23 08:03:04.772386	8636
ce">251&nbsp;600&nbsp;€ </span></span><div class="btn-partne	2020-07-23 08:03:04.993951	8637
ce">251&nbsp;600&nbsp;€ </span></span><div class="btn-partne	2020-07-23 08:03:05.220642	8638
ce">251&nbsp;600&nbsp;€ </span></span><div class="btn-partne	2020-07-23 08:03:08.672841	8639
ce">251&nbsp;600&nbsp;€ </span></span><div class="btn-partne	2020-07-23 08:03:09.391726	8640
ce">251&nbsp;600&nbsp;€ </span></span><div class="btn-partne	2020-07-23 08:03:09.790463	8641
ce">251&nbsp;600&nbsp;€ </span></span><div class="btn-partne	2020-07-23 08:03:09.944122	8642
ce">251&nbsp;600&nbsp;€ </span></span><div class="btn-partne	2020-07-23 08:03:09.993605	8643
ce">251&nbsp;600&nbsp;€ </span></span><div class="btn-partne	2020-07-23 08:03:09.999806	8644
ce">251&nbsp;600&nbsp;€ </span></span><div class="btn-partne	2020-07-23 08:03:10.127938	8645
ce">251&nbsp;600&nbsp;€ </span></span><div class="btn-partne	2020-07-23 08:03:10.266345	8646
ce">251&nbsp;600&nbsp;€ </span></span><div class="btn-partne	2020-07-23 08:03:10.513942	8647
ce">251&nbsp;600&nbsp;€ </span></span><div class="btn-partne	2020-07-23 08:03:10.823299	8648
ce">251&nbsp;600&nbsp;€ </span></span><div class="btn-partne	2020-07-23 08:03:10.954048	8649
ce">251&nbsp;600&nbsp;€ </span></span><div class="btn-partne	2020-07-23 08:03:11.004673	8650
ce">251&nbsp;600&nbsp;€ </span></span><div class="btn-partne	2020-07-23 08:03:11.160262	8651
ce">251&nbsp;600&nbsp;€ </span></span><div class="btn-partne	2020-07-23 08:03:11.17447	8652
ce">251&nbsp;600&nbsp;€ </span></span><div class="btn-partne	2020-07-23 08:03:11.374657	8653
ce">251&nbsp;600&nbsp;€ </span></span><div class="btn-partne	2020-07-23 08:03:11.576005	8654
ce">251&nbsp;600&nbsp;€ </span></span><div class="btn-partne	2020-07-23 08:03:14.874428	8655
ce">251&nbsp;600&nbsp;€ </span></span><div class="btn-partne	2020-07-23 08:03:15.549806	8656
ce">251&nbsp;600&nbsp;€ </span></span><div class="btn-partne	2020-07-23 08:03:16.231466	8657
ce">251&nbsp;600&nbsp;€ </span></span><div class="btn-partne	2020-07-23 08:03:16.338961	8658
ce">251&nbsp;600&nbsp;€ </span></span><div class="btn-partne	2020-07-23 08:03:16.38733	8659
ce">251&nbsp;600&nbsp;€ </span></span><div class="btn-partne	2020-07-23 08:03:16.440003	8660
ce">251&nbsp;600&nbsp;€ </span></span><div class="btn-partne	2020-07-23 08:03:16.456215	8661
ce">251&nbsp;600&nbsp;€ </span></span><div class="btn-partne	2020-07-23 08:03:16.585086	8662
ce">251&nbsp;600&nbsp;€ </span></span><div class="btn-partne	2020-07-23 08:03:17.045916	8663
ce">251&nbsp;600&nbsp;€ </span></span><div class="btn-partne	2020-07-23 08:03:17.120413	8664
ce">251&nbsp;600&nbsp;€ </span></span><div class="btn-partne	2020-07-23 08:03:17.154351	8665
ce">251&nbsp;600&nbsp;€ </span></span><div class="btn-partne	2020-07-23 08:03:17.398993	8666
ce">251&nbsp;600&nbsp;€ </span></span><div class="btn-partne	2020-07-23 08:03:17.442739	8667
ce">251&nbsp;600&nbsp;€ </span></span><div class="btn-partne	2020-07-23 08:03:17.455249	8668
ce">251&nbsp;600&nbsp;€ </span></span><div class="btn-partne	2020-07-23 08:03:17.622586	8669
ce">251&nbsp;600&nbsp;€ </span></span><div class="btn-partne	2020-07-23 08:03:18.342968	8670
ce">251&nbsp;600&nbsp;€ </span></span><div class="btn-partne	2020-07-23 08:03:21.406345	8671
ce">251&nbsp;600&nbsp;€ </span></span><div class="btn-partne	2020-07-23 08:03:21.936505	8672
ce">251&nbsp;600&nbsp;€ </span></span><div class="btn-partne	2020-07-23 08:03:22.44026	8673
ce">251&nbsp;600&nbsp;€ </span></span><div class="btn-partne	2020-07-23 08:03:22.479722	8674
ce">251&nbsp;600&nbsp;€ </span></span><div class="btn-partne	2020-07-23 08:03:22.813936	8675
ce">251&nbsp;600&nbsp;€ </span></span><div class="btn-partne	2020-07-23 08:03:22.829965	8676
ce">251&nbsp;600&nbsp;€ </span></span><div class="btn-partne	2020-07-23 08:03:22.92332	8677
ce">251&nbsp;600&nbsp;€ </span></span><div class="btn-partne	2020-07-23 08:03:23.145821	8678
ce">251&nbsp;600&nbsp;€ </span></span><div class="btn-partne	2020-07-23 08:03:23.376079	8679
ce">251&nbsp;600&nbsp;€ </span></span><div class="btn-partne	2020-07-23 08:03:23.389191	8680
ce">251&nbsp;600&nbsp;€ </span></span><div class="btn-partne	2020-07-23 08:03:23.446803	8681
ce">251&nbsp;600&nbsp;€ </span></span><div class="btn-partne	2020-07-23 08:03:23.558729	8682
ce">251&nbsp;600&nbsp;€ </span></span><div class="btn-partne	2020-07-23 08:03:23.875758	8683
ce">251&nbsp;600&nbsp;€ </span></span><div class="btn-partne	2020-07-23 08:03:23.985745	8684
ce">251&nbsp;600&nbsp;€ </span></span><div class="btn-partne	2020-07-23 08:03:24.267888	8685
ce">251&nbsp;600&nbsp;€ </span></span><div class="btn-partne	2020-07-23 08:03:24.441723	8686
ce">251&nbsp;600&nbsp;€ </span></span><div class="btn-partne	2020-07-23 08:03:27.98755	8687
ce">251&nbsp;600&nbsp;€ </span></span><div class="btn-partne	2020-07-23 08:03:28.321905	8688
ce">251&nbsp;600&nbsp;€ </span></span><div class="btn-partne	2020-07-23 08:03:28.654298	8689
ce">251&nbsp;600&nbsp;€ </span></span><div class="btn-partne	2020-07-23 08:03:28.823333	8690
ce">251&nbsp;600&nbsp;€ </span></span><div class="btn-partne	2020-07-23 08:03:29.044574	8691
ce">251&nbsp;600&nbsp;€ </span></span><div class="btn-partne	2020-07-23 08:03:29.054733	8692
ce">251&nbsp;600&nbsp;€ </span></span><div class="btn-partne	2020-07-23 08:03:29.37511	8693
ce">251&nbsp;600&nbsp;€ </span></span><div class="btn-partne	2020-07-23 08:03:29.553985	8694
ce">251&nbsp;600&nbsp;€ </span></span><div class="btn-partne	2020-07-23 08:03:29.859416	8695
ce">251&nbsp;600&nbsp;€ </span></span><div class="btn-partne	2020-07-23 08:03:29.871882	8696
ce">251&nbsp;600&nbsp;€ </span></span><div class="btn-partne	2020-07-23 08:03:29.913713	8697
ce">251&nbsp;600&nbsp;€ </span></span><div class="btn-partne	2020-07-23 08:03:30.066007	8698
ce">251&nbsp;600&nbsp;€ </span></span><div class="btn-partne	2020-07-23 08:03:30.13327	8699
ce">251&nbsp;600&nbsp;€ </span></span><div class="btn-partne	2020-07-23 08:03:30.416305	8700
ce">251&nbsp;600&nbsp;€ </span></span><div class="btn-partne	2020-07-23 08:03:30.524478	8701
ce">251&nbsp;600&nbsp;€ </span></span><div class="btn-partne	2020-07-23 08:03:30.76938	8702
ce">251&nbsp;600&nbsp;€ </span></span><div class="btn-partne	2020-07-23 08:03:34.599191	8703
ce">251&nbsp;600&nbsp;€ </span></span><div class="btn-partne	2020-07-23 08:03:34.750706	8704
ce">251&nbsp;600&nbsp;€ </span></span><div class="btn-partne	2020-07-23 08:03:34.995437	8705
ce">251&nbsp;600&nbsp;€ </span></span><div class="btn-partne	2020-07-23 08:03:35.047999	8706
ce">251&nbsp;600&nbsp;€ </span></span><div class="btn-partne	2020-07-23 08:03:35.188354	8707
ce">251&nbsp;600&nbsp;€ </span></span><div class="btn-partne	2020-07-23 08:03:35.297919	8708
ce">251&nbsp;600&nbsp;€ </span></span><div class="btn-partne	2020-07-23 08:03:35.709564	8709
ce">251&nbsp;600&nbsp;€ </span></span><div class="btn-partne	2020-07-23 08:03:35.870749	8710
ce">251&nbsp;600&nbsp;€ </span></span><div class="btn-partne	2020-07-23 08:03:36.161876	8711
ce">251&nbsp;600&nbsp;€ </span></span><div class="btn-partne	2020-07-23 08:03:36.510801	8712
ce">251&nbsp;600&nbsp;€ </span></span><div class="btn-partne	2020-07-23 08:03:36.528477	8713
ce">251&nbsp;600&nbsp;€ </span></span><div class="btn-partne	2020-07-23 08:03:36.722873	8714
ce">251&nbsp;600&nbsp;€ </span></span><div class="btn-partne	2020-07-23 08:03:36.7333	8715
ce">251&nbsp;600&nbsp;€ </span></span><div class="btn-partne	2020-07-23 08:03:36.825003	8716
ce">251&nbsp;600&nbsp;€ </span></span><div class="btn-partne	2020-07-23 08:03:37.116898	8717
ce">251&nbsp;600&nbsp;€ </span></span><div class="btn-partne	2020-07-23 08:03:37.280592	8718
ce">251&nbsp;600&nbsp;€ </span></span><div class="btn-partne	2020-07-23 08:03:41.073506	8719
ce">251&nbsp;600&nbsp;€ </span></span><div class="btn-partne	2020-07-23 08:03:41.387583	8720
ce">251&nbsp;600&nbsp;€ </span></span><div class="btn-partne	2020-07-23 08:03:41.491469	8721
ce">251&nbsp;600&nbsp;€ </span></span><div class="btn-partne	2020-07-23 08:03:41.650881	8722
ce">251&nbsp;600&nbsp;€ </span></span><div class="btn-partne	2020-07-23 08:03:41.713277	8723
ce">251&nbsp;600&nbsp;€ </span></span><div class="btn-partne	2020-07-23 08:03:42.026595	8724
ce">251&nbsp;600&nbsp;€ </span></span><div class="btn-partne	2020-07-23 08:03:42.282852	8725
ce">251&nbsp;600&nbsp;€ </span></span><div class="btn-partne	2020-07-23 08:03:42.321989	8726
ce">251&nbsp;600&nbsp;€ </span></span><div class="btn-partne	2020-07-23 08:03:42.493885	8727
ce">251&nbsp;600&nbsp;€ </span></span><div class="btn-partne	2020-07-23 08:03:42.687076	8728
ce">251&nbsp;600&nbsp;€ </span></span><div class="btn-partne	2020-07-23 08:03:42.777	8729
ce">251&nbsp;600&nbsp;€ </span></span><div class="btn-partne	2020-07-23 08:03:42.794829	8730
ce">251&nbsp;600&nbsp;€ </span></span><div class="btn-partne	2020-07-23 08:03:42.870364	8731
ce">251&nbsp;600&nbsp;€ </span></span><div class="btn-partne	2020-07-23 08:03:43.248464	8732
ce">251&nbsp;600&nbsp;€ </span></span><div class="btn-partne	2020-07-23 08:03:43.430394	8733
ce">251&nbsp;600&nbsp;€ </span></span><div class="btn-partne	2020-07-23 08:03:43.463131	8734
ce">251&nbsp;600&nbsp;€ </span></span><div class="btn-partne	2020-07-23 08:03:47.57448	8735
ce">251&nbsp;600&nbsp;€ </span></span><div class="btn-partne	2020-07-23 08:03:47.778492	8736
ce">251&nbsp;600&nbsp;€ </span></span><div class="btn-partne	2020-07-23 08:03:47.852729	8737
ce">251&nbsp;600&nbsp;€ </span></span><div class="btn-partne	2020-07-23 08:03:47.948364	8738
ce">251&nbsp;600&nbsp;€ </span></span><div class="btn-partne	2020-07-23 08:03:48.193267	8739
ce">251&nbsp;600&nbsp;€ </span></span><div class="btn-partne	2020-07-23 08:03:48.224286	8740
ce">251&nbsp;600&nbsp;€ </span></span><div class="btn-partne	2020-07-23 08:03:48.448296	8741
ce">251&nbsp;600&nbsp;€ </span></span><div class="btn-partne	2020-07-23 08:03:48.499619	8742
ce">251&nbsp;600&nbsp;€ </span></span><div class="btn-partne	2020-07-23 08:03:48.57267	8743
ce">251&nbsp;600&nbsp;€ </span></span><div class="btn-partne	2020-07-23 08:03:48.583768	8744
ce">251&nbsp;600&nbsp;€ </span></span><div class="btn-partne	2020-07-23 08:03:49.074087	8745
ce">251&nbsp;600&nbsp;€ </span></span><div class="btn-partne	2020-07-23 08:03:49.33979	8746
ce">251&nbsp;600&nbsp;€ </span></span><div class="btn-partne	2020-07-23 08:03:49.466747	8747
ce">251&nbsp;600&nbsp;€ </span></span><div class="btn-partne	2020-07-23 08:03:49.650186	8748
ce">251&nbsp;600&nbsp;€ </span></span><div class="btn-partne	2020-07-23 08:03:49.826403	8749
ce">251&nbsp;600&nbsp;€ </span></span><div class="btn-partne	2020-07-23 08:03:50.0533	8750
ce">251&nbsp;600&nbsp;€ </span></span><div class="btn-partne	2020-07-23 08:03:53.882715	8751
ce">251&nbsp;600&nbsp;€ </span></span><div class="btn-partne	2020-07-23 08:03:53.921316	8752
ce">251&nbsp;600&nbsp;€ </span></span><div class="btn-partne	2020-07-23 08:03:53.931747	8753
ce">251&nbsp;600&nbsp;€ </span></span><div class="btn-partne	2020-07-23 08:03:54.185903	8754
ce">251&nbsp;600&nbsp;€ </span></span><div class="btn-partne	2020-07-23 08:03:54.481225	8755
ce">251&nbsp;600&nbsp;€ </span></span><div class="btn-partne	2020-07-23 08:03:54.698389	8756
ce">251&nbsp;600&nbsp;€ </span></span><div class="btn-partne	2020-07-23 08:03:54.845875	8757
ce">251&nbsp;600&nbsp;€ </span></span><div class="btn-partne	2020-07-23 08:03:55.013789	8758
ce">251&nbsp;600&nbsp;€ </span></span><div class="btn-partne	2020-07-23 08:03:55.258766	8759
ce">251&nbsp;600&nbsp;€ </span></span><div class="btn-partne	2020-07-23 08:03:55.317961	8760
ce">251&nbsp;600&nbsp;€ </span></span><div class="btn-partne	2020-07-23 08:03:55.563573	8761
ce">251&nbsp;600&nbsp;€ </span></span><div class="btn-partne	2020-07-23 08:03:55.606716	8762
ce">251&nbsp;600&nbsp;€ </span></span><div class="btn-partne	2020-07-23 08:03:55.616636	8763
ce">251&nbsp;600&nbsp;€ </span></span><div class="btn-partne	2020-07-23 08:03:55.736828	8764
ce">251&nbsp;600&nbsp;€ </span></span><div class="btn-partne	2020-07-23 08:03:55.946015	8765
ce">251&nbsp;600&nbsp;€ </span></span><div class="btn-partne	2020-07-23 08:03:56.344397	8766
ce">251&nbsp;600&nbsp;€ </span></span><div class="btn-partne	2020-07-23 08:04:00.157407	8767
ce">251&nbsp;600&nbsp;€ </span></span><div class="btn-partne	2020-07-23 08:04:00.305693	8768
ce">251&nbsp;600&nbsp;€ </span></span><div class="btn-partne	2020-07-23 08:04:00.394031	8769
ce">251&nbsp;600&nbsp;€ </span></span><div class="btn-partne	2020-07-23 08:04:00.92491	8770
ce">251&nbsp;600&nbsp;€ </span></span><div class="btn-partne	2020-07-23 08:04:01.191647	8771
ce">251&nbsp;600&nbsp;€ </span></span><div class="btn-partne	2020-07-23 08:04:01.381575	8772
ce">251&nbsp;600&nbsp;€ </span></span><div class="btn-partne	2020-07-23 08:04:01.639868	8773
ce">251&nbsp;600&nbsp;€ </span></span><div class="btn-partne	2020-07-23 08:04:01.718876	8774
ce">251&nbsp;600&nbsp;€ </span></span><div class="btn-partne	2020-07-23 08:04:01.850884	8775
ce">251&nbsp;600&nbsp;€ </span></span><div class="btn-partne	2020-07-23 08:04:02.086755	8776
ce">251&nbsp;600&nbsp;€ </span></span><div class="btn-partne	2020-07-23 08:04:02.188635	8777
ce">251&nbsp;600&nbsp;€ </span></span><div class="btn-partne	2020-07-23 08:04:02.346592	8778
ce">251&nbsp;600&nbsp;€ </span></span><div class="btn-partne	2020-07-23 08:04:02.375853	8779
ce">251&nbsp;600&nbsp;€ </span></span><div class="btn-partne	2020-07-23 08:04:02.502134	8780
ce">251&nbsp;600&nbsp;€ </span></span><div class="btn-partne	2020-07-23 08:04:02.785253	8781
ce">251&nbsp;600&nbsp;€ </span></span><div class="btn-partne	2020-07-23 08:04:03.087718	8782
ce">251&nbsp;600&nbsp;€ </span></span><div class="btn-partne	2020-07-23 08:04:06.667405	8783
ce">251&nbsp;600&nbsp;€ </span></span><div class="btn-partne	2020-07-23 08:04:06.757014	8784
ce">251&nbsp;600&nbsp;€ </span></span><div class="btn-partne	2020-07-23 08:04:06.923234	8785
ce">251&nbsp;600&nbsp;€ </span></span><div class="btn-partne	2020-07-23 08:04:07.318472	8786
ce">251&nbsp;600&nbsp;€ </span></span><div class="btn-partne	2020-07-23 08:04:07.548076	8787
ce">251&nbsp;600&nbsp;€ </span></span><div class="btn-partne	2020-07-23 08:04:07.758123	8788
ce">251&nbsp;600&nbsp;€ </span></span><div class="btn-partne	2020-07-23 08:04:07.790939	8789
ce">251&nbsp;600&nbsp;€ </span></span><div class="btn-partne	2020-07-23 08:04:07.909114	8790
ce">251&nbsp;600&nbsp;€ </span></span><div class="btn-partne	2020-07-23 08:04:07.980855	8791
ce">251&nbsp;600&nbsp;€ </span></span><div class="btn-partne	2020-07-23 08:04:08.130168	8792
ce">251&nbsp;600&nbsp;€ </span></span><div class="btn-partne	2020-07-23 08:04:08.250224	8793
ce">251&nbsp;600&nbsp;€ </span></span><div class="btn-partne	2020-07-23 08:04:08.408232	8794
ce">251&nbsp;600&nbsp;€ </span></span><div class="btn-partne	2020-07-23 08:04:08.607188	8795
ce">251&nbsp;600&nbsp;€ </span></span><div class="btn-partne	2020-07-23 08:04:08.891357	8796
ce">251&nbsp;600&nbsp;€ </span></span><div class="btn-partne	2020-07-23 08:04:08.926195	8797
ce">251&nbsp;600&nbsp;€ </span></span><div class="btn-partne	2020-07-23 08:04:09.30064	8798
ce">251&nbsp;600&nbsp;€ </span></span><div class="btn-partne	2020-07-23 08:04:13.192195	8799
ce">251&nbsp;600&nbsp;€ </span></span><div class="btn-partne	2020-07-23 08:04:13.237033	8800
ce">251&nbsp;600&nbsp;€ </span></span><div class="btn-partne	2020-07-23 08:04:13.546386	8801
ce">251&nbsp;600&nbsp;€ </span></span><div class="btn-partne	2020-07-23 08:04:13.728082	8802
ce">251&nbsp;600&nbsp;€ </span></span><div class="btn-partne	2020-07-23 08:04:13.759319	8803
ce">251&nbsp;600&nbsp;€ </span></span><div class="btn-partne	2020-07-23 08:04:13.995689	8804
ce">251&nbsp;600&nbsp;€ </span></span><div class="btn-partne	2020-07-23 08:04:14.097893	8805
ce">251&nbsp;600&nbsp;€ </span></span><div class="btn-partne	2020-07-23 08:04:14.15834	8806
ce">251&nbsp;600&nbsp;€ </span></span><div class="btn-partne	2020-07-23 08:04:14.308418	8807
ce">251&nbsp;600&nbsp;€ </span></span><div class="btn-partne	2020-07-23 08:04:14.423602	8808
ce">251&nbsp;600&nbsp;€ </span></span><div class="btn-partne	2020-07-23 08:04:14.569047	8809
ce">251&nbsp;600&nbsp;€ </span></span><div class="btn-partne	2020-07-23 08:04:14.809532	8810
ce">251&nbsp;600&nbsp;€ </span></span><div class="btn-partne	2020-07-23 08:04:14.972833	8811
ce">251&nbsp;600&nbsp;€ </span></span><div class="btn-partne	2020-07-23 08:04:15.326128	8812
ce">251&nbsp;600&nbsp;€ </span></span><div class="btn-partne	2020-07-23 08:04:15.430452	8813
ce">251&nbsp;600&nbsp;€ </span></span><div class="btn-partne	2020-07-23 08:04:15.595046	8814
ce">251&nbsp;600&nbsp;€ </span></span><div class="btn-partne	2020-07-23 08:04:19.417089	8815
ce">251&nbsp;600&nbsp;€ </span></span><div class="btn-partne	2020-07-23 08:04:19.592929	8816
ce">251&nbsp;600&nbsp;€ </span></span><div class="btn-partne	2020-07-23 08:04:20.158632	8817
ce">251&nbsp;600&nbsp;€ </span></span><div class="btn-partne	2020-07-23 08:04:20.201109	8818
ce">251&nbsp;600&nbsp;€ </span></span><div class="btn-partne	2020-07-23 08:04:20.402204	8819
ce">251&nbsp;600&nbsp;€ </span></span><div class="btn-partne	2020-07-23 08:04:20.462944	8820
ce">251&nbsp;600&nbsp;€ </span></span><div class="btn-partne	2020-07-23 08:04:20.506842	8821
ce">251&nbsp;600&nbsp;€ </span></span><div class="btn-partne	2020-07-23 08:04:20.536361	8822
ce">251&nbsp;600&nbsp;€ </span></span><div class="btn-partne	2020-07-23 08:04:20.655039	8823
ce">251&nbsp;600&nbsp;€ </span></span><div class="btn-partne	2020-07-23 08:04:20.788369	8824
ce">251&nbsp;600&nbsp;€ </span></span><div class="btn-partne	2020-07-23 08:04:21.063458	8825
ce">251&nbsp;600&nbsp;€ </span></span><div class="btn-partne	2020-07-23 08:04:21.183895	8826
ce">251&nbsp;600&nbsp;€ </span></span><div class="btn-partne	2020-07-23 08:04:21.486253	8827
ce">251&nbsp;600&nbsp;€ </span></span><div class="btn-partne	2020-07-23 08:04:21.549993	8828
ce">251&nbsp;600&nbsp;€ </span></span><div class="btn-partne	2020-07-23 08:04:22.07839	8829
ce">251&nbsp;600&nbsp;€ </span></span><div class="btn-partne	2020-07-23 08:04:22.306173	8830
ce">251&nbsp;600&nbsp;€ </span></span><div class="btn-partne	2020-07-23 08:04:25.808349	8831
ce">251&nbsp;600&nbsp;€ </span></span><div class="btn-partne	2020-07-23 08:04:25.858837	8832
ce">251&nbsp;600&nbsp;€ </span></span><div class="btn-partne	2020-07-23 08:04:26.172014	8833
ce">251&nbsp;600&nbsp;€ </span></span><div class="btn-partne	2020-07-23 08:04:26.5305	8834
ce">251&nbsp;600&nbsp;€ </span></span><div class="btn-partne	2020-07-23 08:04:26.654968	8835
ce">251&nbsp;600&nbsp;€ </span></span><div class="btn-partne	2020-07-23 08:04:26.839406	8836
ce">251&nbsp;600&nbsp;€ </span></span><div class="btn-partne	2020-07-23 08:04:26.917789	8837
ce">251&nbsp;600&nbsp;€ </span></span><div class="btn-partne	2020-07-23 08:04:26.995751	8838
ce">251&nbsp;600&nbsp;€ </span></span><div class="btn-partne	2020-07-23 08:04:27.147586	8839
ce">251&nbsp;600&nbsp;€ </span></span><div class="btn-partne	2020-07-23 08:04:27.235611	8840
ce">251&nbsp;600&nbsp;€ </span></span><div class="btn-partne	2020-07-23 08:04:27.441655	8841
ce">251&nbsp;600&nbsp;€ </span></span><div class="btn-partne	2020-07-23 08:04:27.532679	8842
ce">251&nbsp;600&nbsp;€ </span></span><div class="btn-partne	2020-07-23 08:04:27.85664	8843
ce">251&nbsp;600&nbsp;€ </span></span><div class="btn-partne	2020-07-23 08:04:27.865943	8844
ce">251&nbsp;600&nbsp;€ </span></span><div class="btn-partne	2020-07-23 08:04:28.045406	8845
ce">251&nbsp;600&nbsp;€ </span></span><div class="btn-partne	2020-07-23 08:04:28.438019	8846
ce">251&nbsp;600&nbsp;€ </span></span><div class="btn-partne	2020-07-23 08:04:31.906112	8847
ce">251&nbsp;600&nbsp;€ </span></span><div class="btn-partne	2020-07-23 08:04:32.096847	8848
ce">251&nbsp;600&nbsp;€ </span></span><div class="btn-partne	2020-07-23 08:04:32.438577	8849
ce">251&nbsp;600&nbsp;€ </span></span><div class="btn-partne	2020-07-23 08:04:32.89205	8850
ce">251&nbsp;600&nbsp;€ </span></span><div class="btn-partne	2020-07-23 08:04:33.218865	8851
ce">251&nbsp;600&nbsp;€ </span></span><div class="btn-partne	2020-07-23 08:04:33.428682	8852
ce">251&nbsp;600&nbsp;€ </span></span><div class="btn-partne	2020-07-23 08:04:33.47429	8853
ce">251&nbsp;600&nbsp;€ </span></span><div class="btn-partne	2020-07-23 08:04:33.562354	8854
ce">251&nbsp;600&nbsp;€ </span></span><div class="btn-partne	2020-07-23 08:04:33.636046	8855
ce">251&nbsp;600&nbsp;€ </span></span><div class="btn-partne	2020-07-23 08:04:33.777836	8856
ce">251&nbsp;600&nbsp;€ </span></span><div class="btn-partne	2020-07-23 08:04:33.842812	8857
ce">251&nbsp;600&nbsp;€ </span></span><div class="btn-partne	2020-07-23 08:04:34.160529	8858
ce">251&nbsp;600&nbsp;€ </span></span><div class="btn-partne	2020-07-23 08:04:34.381156	8859
ce">251&nbsp;600&nbsp;€ </span></span><div class="btn-partne	2020-07-23 08:04:34.558459	8860
ce">251&nbsp;600&nbsp;€ </span></span><div class="btn-partne	2020-07-23 08:04:34.762112	8861
ce">251&nbsp;600&nbsp;€ </span></span><div class="btn-partne	2020-07-23 08:04:35.168682	8862
ce">251&nbsp;600&nbsp;€ </span></span><div class="btn-partne	2020-07-23 08:04:37.971651	8863
ce">251&nbsp;600&nbsp;€ </span></span><div class="btn-partne	2020-07-23 08:04:38.456307	8864
ce">251&nbsp;600&nbsp;€ </span></span><div class="btn-partne	2020-07-23 08:04:38.944899	8865
ce">251&nbsp;600&nbsp;€ </span></span><div class="btn-partne	2020-07-23 08:04:39.429535	8866
ce">251&nbsp;600&nbsp;€ </span></span><div class="btn-partne	2020-07-23 08:04:39.462941	8867
ce">251&nbsp;600&nbsp;€ </span></span><div class="btn-partne	2020-07-23 08:04:39.487463	8868
ce">251&nbsp;600&nbsp;€ </span></span><div class="btn-partne	2020-07-23 08:04:39.63598	8869
ce">251&nbsp;600&nbsp;€ </span></span><div class="btn-partne	2020-07-23 08:04:39.667642	8870
ce">251&nbsp;600&nbsp;€ </span></span><div class="btn-partne	2020-07-23 08:04:39.673783	8871
ce">251&nbsp;600&nbsp;€ </span></span><div class="btn-partne	2020-07-23 08:04:39.75274	8872
ce">251&nbsp;600&nbsp;€ </span></span><div class="btn-partne	2020-07-23 08:04:39.890297	8873
ce">251&nbsp;600&nbsp;€ </span></span><div class="btn-partne	2020-07-23 08:04:39.986167	8874
ce">251&nbsp;600&nbsp;€ </span></span><div class="btn-partne	2020-07-23 08:04:40.084022	8875
ce">251&nbsp;600&nbsp;€ </span></span><div class="btn-partne	2020-07-23 08:04:40.090417	8876
ce">251&nbsp;600&nbsp;€ </span></span><div class="btn-partne	2020-07-23 08:04:40.11905	8877
ce">251&nbsp;600&nbsp;€ </span></span><div class="btn-partne	2020-07-23 08:04:40.215493	8878
ce">251&nbsp;600&nbsp;€ </span></span><div class="btn-partne	2020-07-23 09:02:09.077506	8879
ce">251&nbsp;600&nbsp;€ </span></span><div class="btn-partne	2020-07-23 09:02:09.190324	8880
ce">251&nbsp;600&nbsp;€ </span></span><div class="btn-partne	2020-07-23 09:02:09.257799	8881
ce">251&nbsp;600&nbsp;€ </span></span><div class="btn-partne	2020-07-23 09:02:09.773356	8882
ce">251&nbsp;600&nbsp;€ </span></span><div class="btn-partne	2020-07-23 09:02:09.922475	8883
ce">251&nbsp;600&nbsp;€ </span></span><div class="btn-partne	2020-07-23 09:02:09.980328	8884
ce">251&nbsp;600&nbsp;€ </span></span><div class="btn-partne	2020-07-23 09:02:10.072396	8885
ce">251&nbsp;600&nbsp;€ </span></span><div class="btn-partne	2020-07-23 09:02:10.09359	8886
ce">251&nbsp;600&nbsp;€ </span></span><div class="btn-partne	2020-07-23 09:02:10.120514	8887
ce">251&nbsp;600&nbsp;€ </span></span><div class="btn-partne	2020-07-23 09:02:10.19488	8888
ce">251&nbsp;600&nbsp;€ </span></span><div class="btn-partne	2020-07-23 09:02:10.233649	8889
ce">251&nbsp;600&nbsp;€ </span></span><div class="btn-partne	2020-07-23 09:02:12.758963	8890
ce">251&nbsp;600&nbsp;€ </span></span><div class="btn-partne	2020-07-23 09:02:12.807413	8891
ce">251&nbsp;600&nbsp;€ </span></span><div class="btn-partne	2020-07-23 09:02:13.130286	8892
ce">251&nbsp;600&nbsp;€ </span></span><div class="btn-partne	2020-07-23 09:02:13.217089	8893
ce">251&nbsp;600&nbsp;€ </span></span><div class="btn-partne	2020-07-23 09:02:13.285834	8894
ce">251&nbsp;600&nbsp;€ </span></span><div class="btn-partne	2020-07-23 09:02:13.349581	8895
ce">251&nbsp;600&nbsp;€ </span></span><div class="btn-partne	2020-07-23 09:02:13.407441	8896
ce">251&nbsp;600&nbsp;€ </span></span><div class="btn-partne	2020-07-23 09:02:13.473928	8897
ce">251&nbsp;600&nbsp;€ </span></span><div class="btn-partne	2020-07-23 09:02:13.50581	8898
ce">251&nbsp;600&nbsp;€ </span></span><div class="btn-partne	2020-07-23 09:02:19.364716	8899
ce">251&nbsp;600&nbsp;€ </span></span><div class="btn-partne	2020-07-23 09:02:19.699266	8900
ce">251&nbsp;600&nbsp;€ </span></span><div class="btn-partne	2020-07-23 09:02:19.707338	8901
ce">251&nbsp;600&nbsp;€ </span></span><div class="btn-partne	2020-07-23 09:02:19.858629	8902
ce">251&nbsp;600&nbsp;€ </span></span><div class="btn-partne	2020-07-23 09:02:19.865642	8903
ce">251&nbsp;600&nbsp;€ </span></span><div class="btn-partne	2020-07-23 09:02:20.127983	8904
ce">251&nbsp;600&nbsp;€ </span></span><div class="btn-partne	2020-07-23 09:02:20.384137	8905
ce">251&nbsp;600&nbsp;€ </span></span><div class="btn-partne	2020-07-23 09:02:20.403522	8906
ce">251&nbsp;600&nbsp;€ </span></span><div class="btn-partne	2020-07-23 09:02:20.485946	8907
ce">251&nbsp;600&nbsp;€ </span></span><div class="btn-partne	2020-07-23 09:02:20.495111	8908
ce">251&nbsp;600&nbsp;€ </span></span><div class="btn-partne	2020-07-23 09:02:20.566874	8909
ce">251&nbsp;600&nbsp;€ </span></span><div class="btn-partne	2020-07-23 09:02:20.636721	8910
ce">251&nbsp;600&nbsp;€ </span></span><div class="btn-partne	2020-07-23 09:02:20.729887	8911
ce">251&nbsp;600&nbsp;€ </span></span><div class="btn-partne	2020-07-23 09:02:20.779342	8912
ce">251&nbsp;600&nbsp;€ </span></span><div class="btn-partne	2020-07-23 09:02:20.786796	8913
ce">251&nbsp;600&nbsp;€ </span></span><div class="btn-partne	2020-07-23 09:02:20.956094	8914
ce">251&nbsp;600&nbsp;€ </span></span><div class="btn-partne	2020-07-23 09:02:25.476118	8915
ce">251&nbsp;600&nbsp;€ </span></span><div class="btn-partne	2020-07-23 09:02:25.794047	8916
ce">251&nbsp;600&nbsp;€ </span></span><div class="btn-partne	2020-07-23 09:02:25.924253	8917
ce">251&nbsp;600&nbsp;€ </span></span><div class="btn-partne	2020-07-23 09:02:25.941469	8918
ce">251&nbsp;600&nbsp;€ </span></span><div class="btn-partne	2020-07-23 09:02:26.273033	8919
ce">251&nbsp;600&nbsp;€ </span></span><div class="btn-partne	2020-07-23 09:02:26.387122	8920
ce">251&nbsp;600&nbsp;€ </span></span><div class="btn-partne	2020-07-23 09:02:26.395105	8921
ce">251&nbsp;600&nbsp;€ </span></span><div class="btn-partne	2020-07-23 09:02:26.461323	8922
ce">251&nbsp;600&nbsp;€ </span></span><div class="btn-partne	2020-07-23 09:02:26.779919	8923
ce">251&nbsp;600&nbsp;€ </span></span><div class="btn-partne	2020-07-23 09:02:26.837002	8924
ce">251&nbsp;600&nbsp;€ </span></span><div class="btn-partne	2020-07-23 09:02:26.965582	8925
ce">251&nbsp;600&nbsp;€ </span></span><div class="btn-partne	2020-07-23 09:02:26.977752	8926
ce">251&nbsp;600&nbsp;€ </span></span><div class="btn-partne	2020-07-23 09:02:27.38947	8927
ce">251&nbsp;600&nbsp;€ </span></span><div class="btn-partne	2020-07-23 09:02:27.428555	8928
ce">251&nbsp;600&nbsp;€ </span></span><div class="btn-partne	2020-07-23 09:02:27.564129	8929
ce">251&nbsp;600&nbsp;€ </span></span><div class="btn-partne	2020-07-23 09:02:27.578462	8930
ce">251&nbsp;600&nbsp;€ </span></span><div class="btn-partne	2020-07-23 09:02:31.814439	8931
ce">251&nbsp;600&nbsp;€ </span></span><div class="btn-partne	2020-07-23 09:02:32.156536	8932
ce">251&nbsp;600&nbsp;€ </span></span><div class="btn-partne	2020-07-23 09:02:32.314762	8933
ce">251&nbsp;600&nbsp;€ </span></span><div class="btn-partne	2020-07-23 09:02:32.350559	8934
ce">251&nbsp;600&nbsp;€ </span></span><div class="btn-partne	2020-07-23 09:02:32.440902	8935
ce">251&nbsp;600&nbsp;€ </span></span><div class="btn-partne	2020-07-23 09:02:32.448997	8936
ce">251&nbsp;600&nbsp;€ </span></span><div class="btn-partne	2020-07-23 09:02:32.713895	8937
ce">251&nbsp;600&nbsp;€ </span></span><div class="btn-partne	2020-07-23 09:02:33.002015	8938
ce">251&nbsp;600&nbsp;€ </span></span><div class="btn-partne	2020-07-23 09:02:33.231014	8939
ce">251&nbsp;600&nbsp;€ </span></span><div class="btn-partne	2020-07-23 09:02:33.25937	8940
ce">251&nbsp;600&nbsp;€ </span></span><div class="btn-partne	2020-07-23 09:02:33.388061	8941
ce">251&nbsp;600&nbsp;€ </span></span><div class="btn-partne	2020-07-23 09:02:33.901425	8942
ce">251&nbsp;600&nbsp;€ </span></span><div class="btn-partne	2020-07-23 09:02:33.951192	8943
ce">251&nbsp;600&nbsp;€ </span></span><div class="btn-partne	2020-07-23 09:02:34.000652	8944
ce">251&nbsp;600&nbsp;€ </span></span><div class="btn-partne	2020-07-23 09:02:34.161757	8945
ce">251&nbsp;600&nbsp;€ </span></span><div class="btn-partne	2020-07-23 09:02:34.305213	8946
ce">251&nbsp;600&nbsp;€ </span></span><div class="btn-partne	2020-07-23 09:02:37.964827	8947
ce">251&nbsp;600&nbsp;€ </span></span><div class="btn-partne	2020-07-23 09:02:38.424425	8948
ce">251&nbsp;600&nbsp;€ </span></span><div class="btn-partne	2020-07-23 09:02:38.701955	8949
ce">251&nbsp;600&nbsp;€ </span></span><div class="btn-partne	2020-07-23 09:02:38.873859	8950
ce">251&nbsp;600&nbsp;€ </span></span><div class="btn-partne	2020-07-23 09:02:38.90733	8951
ce">251&nbsp;600&nbsp;€ </span></span><div class="btn-partne	2020-07-23 09:02:38.931055	8952
ce">251&nbsp;600&nbsp;€ </span></span><div class="btn-partne	2020-07-23 09:02:39.057168	8953
ce">251&nbsp;600&nbsp;€ </span></span><div class="btn-partne	2020-07-23 09:02:39.275487	8954
ce">251&nbsp;600&nbsp;€ </span></span><div class="btn-partne	2020-07-23 09:02:39.344961	8955
ce">251&nbsp;600&nbsp;€ </span></span><div class="btn-partne	2020-07-23 09:02:39.370778	8956
ce">251&nbsp;600&nbsp;€ </span></span><div class="btn-partne	2020-07-23 09:02:39.636572	8957
ce">251&nbsp;600&nbsp;€ </span></span><div class="btn-partne	2020-07-23 09:02:39.96601	8958
ce">251&nbsp;600&nbsp;€ </span></span><div class="btn-partne	2020-07-23 09:02:40.06629	8959
ce">251&nbsp;600&nbsp;€ </span></span><div class="btn-partne	2020-07-23 09:02:40.204089	8960
ce">251&nbsp;600&nbsp;€ </span></span><div class="btn-partne	2020-07-23 09:02:40.253633	8961
ce">251&nbsp;600&nbsp;€ </span></span><div class="btn-partne	2020-07-23 09:02:41.195939	8962
ce">251&nbsp;600&nbsp;€ </span></span><div class="btn-partne	2020-07-23 09:02:44.320494	8963
ce">251&nbsp;600&nbsp;€ </span></span><div class="btn-partne	2020-07-23 09:02:45.053637	8964
ce">251&nbsp;600&nbsp;€ </span></span><div class="btn-partne	2020-07-23 09:02:45.191784	8965
ce">251&nbsp;600&nbsp;€ </span></span><div class="btn-partne	2020-07-23 09:02:45.260488	8966
ce">251&nbsp;600&nbsp;€ </span></span><div class="btn-partne	2020-07-23 09:02:45.27488	8967
ce">251&nbsp;600&nbsp;€ </span></span><div class="btn-partne	2020-07-23 09:02:45.496015	8968
ce">251&nbsp;600&nbsp;€ </span></span><div class="btn-partne	2020-07-23 09:02:45.752826	8969
ce">251&nbsp;600&nbsp;€ </span></span><div class="btn-partne	2020-07-23 09:02:45.764911	8970
ce">251&nbsp;600&nbsp;€ </span></span><div class="btn-partne	2020-07-23 09:02:45.816912	8971
ce">251&nbsp;600&nbsp;€ </span></span><div class="btn-partne	2020-07-23 09:02:45.906748	8972
ce">251&nbsp;600&nbsp;€ </span></span><div class="btn-partne	2020-07-23 09:02:46.229687	8973
ce">251&nbsp;600&nbsp;€ </span></span><div class="btn-partne	2020-07-23 09:02:46.282352	8974
ce">251&nbsp;600&nbsp;€ </span></span><div class="btn-partne	2020-07-23 09:02:46.472722	8975
ce">251&nbsp;600&nbsp;€ </span></span><div class="btn-partne	2020-07-23 09:02:46.642819	8976
ce">251&nbsp;600&nbsp;€ </span></span><div class="btn-partne	2020-07-23 09:02:46.785655	8977
ce">251&nbsp;600&nbsp;€ </span></span><div class="btn-partne	2020-07-23 09:02:47.294853	8978
ce">251&nbsp;600&nbsp;€ </span></span><div class="btn-partne	2020-07-23 09:02:50.684842	8979
ce">251&nbsp;600&nbsp;€ </span></span><div class="btn-partne	2020-07-23 09:02:51.170466	8980
ce">251&nbsp;600&nbsp;€ </span></span><div class="btn-partne	2020-07-23 09:02:51.214851	8981
ce">251&nbsp;600&nbsp;€ </span></span><div class="btn-partne	2020-07-23 09:02:51.454283	8982
ce">251&nbsp;600&nbsp;€ </span></span><div class="btn-partne	2020-07-23 09:02:51.592236	8983
ce">251&nbsp;600&nbsp;€ </span></span><div class="btn-partne	2020-07-23 09:02:51.964279	8984
ce">251&nbsp;600&nbsp;€ </span></span><div class="btn-partne	2020-07-23 09:02:51.999049	8985
ce">251&nbsp;600&nbsp;€ </span></span><div class="btn-partne	2020-07-23 09:02:52.189065	8986
ce">251&nbsp;600&nbsp;€ </span></span><div class="btn-partne	2020-07-23 09:02:52.231888	8987
ce">251&nbsp;600&nbsp;€ </span></span><div class="btn-partne	2020-07-23 09:02:52.240663	8988
ce">251&nbsp;600&nbsp;€ </span></span><div class="btn-partne	2020-07-23 09:02:52.266155	8989
ce">251&nbsp;600&nbsp;€ </span></span><div class="btn-partne	2020-07-23 09:02:52.787062	8990
ce">251&nbsp;600&nbsp;€ </span></span><div class="btn-partne	2020-07-23 09:02:52.989978	8991
ce">251&nbsp;600&nbsp;€ </span></span><div class="btn-partne	2020-07-23 09:02:53.226379	8992
ce">251&nbsp;600&nbsp;€ </span></span><div class="btn-partne	2020-07-23 09:02:53.286609	8993
ce">251&nbsp;600&nbsp;€ </span></span><div class="btn-partne	2020-07-23 09:02:53.689522	8994
ce">251&nbsp;600&nbsp;€ </span></span><div class="btn-partne	2020-07-23 09:02:57.070069	8995
ce">251&nbsp;600&nbsp;€ </span></span><div class="btn-partne	2020-07-23 09:02:57.571242	8996
ce">251&nbsp;600&nbsp;€ </span></span><div class="btn-partne	2020-07-23 09:02:57.617359	8997
ce">251&nbsp;600&nbsp;€ </span></span><div class="btn-partne	2020-07-23 09:02:57.898229	8998
ce">251&nbsp;600&nbsp;€ </span></span><div class="btn-partne	2020-07-23 09:02:57.920387	8999
ce">251&nbsp;600&nbsp;€ </span></span><div class="btn-partne	2020-07-23 09:02:58.35438	9000
ce">251&nbsp;600&nbsp;€ </span></span><div class="btn-partne	2020-07-23 09:02:58.398313	9001
ce">251&nbsp;600&nbsp;€ </span></span><div class="btn-partne	2020-07-23 09:02:58.561906	9002
ce">251&nbsp;600&nbsp;€ </span></span><div class="btn-partne	2020-07-23 09:02:58.752259	9003
ce">251&nbsp;600&nbsp;€ </span></span><div class="btn-partne	2020-07-23 09:02:58.964178	9004
ce">251&nbsp;600&nbsp;€ </span></span><div class="btn-partne	2020-07-23 09:02:59.094355	9005
ce">251&nbsp;600&nbsp;€ </span></span><div class="btn-partne	2020-07-23 09:02:59.142111	9006
ce">251&nbsp;600&nbsp;€ </span></span><div class="btn-partne	2020-07-23 09:02:59.665605	9007
ce">251&nbsp;600&nbsp;€ </span></span><div class="btn-partne	2020-07-23 09:02:59.76696	9008
ce">251&nbsp;600&nbsp;€ </span></span><div class="btn-partne	2020-07-23 09:02:59.843746	9009
ce">251&nbsp;600&nbsp;€ </span></span><div class="btn-partne	2020-07-23 09:03:00.089994	9010
ce">251&nbsp;600&nbsp;€ </span></span><div class="btn-partne	2020-07-23 09:03:03.408696	9011
ce">251&nbsp;600&nbsp;€ </span></span><div class="btn-partne	2020-07-23 09:03:03.786746	9012
ce">251&nbsp;600&nbsp;€ </span></span><div class="btn-partne	2020-07-23 09:03:03.820183	9013
ce">251&nbsp;600&nbsp;€ </span></span><div class="btn-partne	2020-07-23 09:03:04.032114	9014
ce">251&nbsp;600&nbsp;€ </span></span><div class="btn-partne	2020-07-23 09:03:04.074452	9015
ce">251&nbsp;600&nbsp;€ </span></span><div class="btn-partne	2020-07-23 09:03:04.128755	9016
ce">251&nbsp;600&nbsp;€ </span></span><div class="btn-partne	2020-07-23 09:03:04.363338	9017
ce">251&nbsp;600&nbsp;€ </span></span><div class="btn-partne	2020-07-23 09:03:05.159076	9018
ce">251&nbsp;600&nbsp;€ </span></span><div class="btn-partne	2020-07-23 09:03:05.271828	9019
ce">251&nbsp;600&nbsp;€ </span></span><div class="btn-partne	2020-07-23 09:03:05.29777	9020
ce">251&nbsp;600&nbsp;€ </span></span><div class="btn-partne	2020-07-23 09:03:05.499907	9021
ce">251&nbsp;600&nbsp;€ </span></span><div class="btn-partne	2020-07-23 09:03:05.545348	9022
ce">251&nbsp;600&nbsp;€ </span></span><div class="btn-partne	2020-07-23 09:03:06.196295	9023
ce">251&nbsp;600&nbsp;€ </span></span><div class="btn-partne	2020-07-23 09:03:06.23786	9024
ce">251&nbsp;600&nbsp;€ </span></span><div class="btn-partne	2020-07-23 09:03:06.424714	9025
ce">251&nbsp;600&nbsp;€ </span></span><div class="btn-partne	2020-07-23 09:03:06.562204	9026
ce">251&nbsp;600&nbsp;€ </span></span><div class="btn-partne	2020-07-23 09:03:09.843355	9027
ce">251&nbsp;600&nbsp;€ </span></span><div class="btn-partne	2020-07-23 09:03:10.155853	9028
ce">251&nbsp;600&nbsp;€ </span></span><div class="btn-partne	2020-07-23 09:03:10.30189	9029
ce">251&nbsp;600&nbsp;€ </span></span><div class="btn-partne	2020-07-23 09:03:10.375217	9030
ce">251&nbsp;600&nbsp;€ </span></span><div class="btn-partne	2020-07-23 09:03:10.621507	9031
ce">251&nbsp;600&nbsp;€ </span></span><div class="btn-partne	2020-07-23 09:03:10.748665	9032
ce">251&nbsp;600&nbsp;€ </span></span><div class="btn-partne	2020-07-23 09:03:10.757588	9033
ce">251&nbsp;600&nbsp;€ </span></span><div class="btn-partne	2020-07-23 09:03:11.616263	9034
ce">251&nbsp;600&nbsp;€ </span></span><div class="btn-partne	2020-07-23 09:03:11.658917	9035
ce">251&nbsp;600&nbsp;€ </span></span><div class="btn-partne	2020-07-23 09:03:11.839865	9036
ce">251&nbsp;600&nbsp;€ </span></span><div class="btn-partne	2020-07-23 09:03:11.909631	9037
ce">251&nbsp;600&nbsp;€ </span></span><div class="btn-partne	2020-07-23 09:03:12.071027	9038
ce">251&nbsp;600&nbsp;€ </span></span><div class="btn-partne	2020-07-23 09:03:12.143411	9039
ce">251&nbsp;600&nbsp;€ </span></span><div class="btn-partne	2020-07-23 09:03:12.468228	9040
ce">251&nbsp;600&nbsp;€ </span></span><div class="btn-partne	2020-07-23 09:03:12.886661	9041
ce">251&nbsp;600&nbsp;€ </span></span><div class="btn-partne	2020-07-23 09:03:12.980267	9042
ce">251&nbsp;600&nbsp;€ </span></span><div class="btn-partne	2020-07-23 09:03:15.96028	9043
ce">251&nbsp;600&nbsp;€ </span></span><div class="btn-partne	2020-07-23 09:03:16.269873	9044
ce">251&nbsp;600&nbsp;€ </span></span><div class="btn-partne	2020-07-23 09:03:16.423826	9045
ce">251&nbsp;600&nbsp;€ </span></span><div class="btn-partne	2020-07-23 09:03:16.496435	9046
ce">251&nbsp;600&nbsp;€ </span></span><div class="btn-partne	2020-07-23 09:03:16.932972	9047
ce">251&nbsp;600&nbsp;€ </span></span><div class="btn-partne	2020-07-23 09:03:17.316719	9048
ce">251&nbsp;600&nbsp;€ </span></span><div class="btn-partne	2020-07-23 09:03:17.328605	9049
ce">251&nbsp;600&nbsp;€ </span></span><div class="btn-partne	2020-07-23 09:03:17.728158	9050
ce">251&nbsp;600&nbsp;€ </span></span><div class="btn-partne	2020-07-23 09:03:17.76534	9051
ce">251&nbsp;600&nbsp;€ </span></span><div class="btn-partne	2020-07-23 09:03:18.086142	9052
ce">251&nbsp;600&nbsp;€ </span></span><div class="btn-partne	2020-07-23 09:03:18.164286	9053
ce">251&nbsp;600&nbsp;€ </span></span><div class="btn-partne	2020-07-23 09:03:18.525499	9054
ce">251&nbsp;600&nbsp;€ </span></span><div class="btn-partne	2020-07-23 09:03:18.827188	9055
ce">251&nbsp;600&nbsp;€ </span></span><div class="btn-partne	2020-07-23 09:03:18.980067	9056
ce">251&nbsp;600&nbsp;€ </span></span><div class="btn-partne	2020-07-23 09:03:18.991376	9057
ce">251&nbsp;600&nbsp;€ </span></span><div class="btn-partne	2020-07-23 09:03:19.136915	9058
ce">251&nbsp;600&nbsp;€ </span></span><div class="btn-partne	2020-07-23 09:03:22.294219	9059
ce">251&nbsp;600&nbsp;€ </span></span><div class="btn-partne	2020-07-23 09:03:22.559406	9060
ce">251&nbsp;600&nbsp;€ </span></span><div class="btn-partne	2020-07-23 09:03:22.676015	9061
ce">251&nbsp;600&nbsp;€ </span></span><div class="btn-partne	2020-07-23 09:03:22.691337	9062
ce">251&nbsp;600&nbsp;€ </span></span><div class="btn-partne	2020-07-23 09:03:23.510421	9063
ce">251&nbsp;600&nbsp;€ </span></span><div class="btn-partne	2020-07-23 09:03:23.54539	9064
ce">251&nbsp;600&nbsp;€ </span></span><div class="btn-partne	2020-07-23 09:03:23.614151	9065
ce">251&nbsp;600&nbsp;€ </span></span><div class="btn-partne	2020-07-23 09:03:23.832208	9066
ce">251&nbsp;600&nbsp;€ </span></span><div class="btn-partne	2020-07-23 09:03:24.41004	9067
ce">251&nbsp;600&nbsp;€ </span></span><div class="btn-partne	2020-07-23 09:03:24.447685	9068
ce">251&nbsp;600&nbsp;€ </span></span><div class="btn-partne	2020-07-23 09:03:24.787594	9069
ce">251&nbsp;600&nbsp;€ </span></span><div class="btn-partne	2020-07-23 09:03:24.879935	9070
ce">251&nbsp;600&nbsp;€ </span></span><div class="btn-partne	2020-07-23 09:03:25.05834	9071
ce">251&nbsp;600&nbsp;€ </span></span><div class="btn-partne	2020-07-23 09:03:25.345775	9072
ce">251&nbsp;600&nbsp;€ </span></span><div class="btn-partne	2020-07-23 09:03:25.653302	9073
ce">251&nbsp;600&nbsp;€ </span></span><div class="btn-partne	2020-07-23 09:03:25.792699	9074
ce">251&nbsp;600&nbsp;€ </span></span><div class="btn-partne	2020-07-23 09:03:28.500955	9075
ce">251&nbsp;600&nbsp;€ </span></span><div class="btn-partne	2020-07-23 09:03:29.126533	9076
ce">251&nbsp;600&nbsp;€ </span></span><div class="btn-partne	2020-07-23 09:03:29.226489	9077
ce">251&nbsp;600&nbsp;€ </span></span><div class="btn-partne	2020-07-23 09:03:29.292555	9078
ce">251&nbsp;600&nbsp;€ </span></span><div class="btn-partne	2020-07-23 09:03:29.867527	9079
ce">251&nbsp;600&nbsp;€ </span></span><div class="btn-partne	2020-07-23 09:03:29.985009	9080
ce">251&nbsp;600&nbsp;€ </span></span><div class="btn-partne	2020-07-23 09:03:30.145413	9081
ce">251&nbsp;600&nbsp;€ </span></span><div class="btn-partne	2020-07-23 09:03:30.4302	9082
ce">251&nbsp;600&nbsp;€ </span></span><div class="btn-partne	2020-07-23 09:03:30.873112	9083
ce">251&nbsp;600&nbsp;€ </span></span><div class="btn-partne	2020-07-23 09:03:30.956916	9084
ce">251&nbsp;600&nbsp;€ </span></span><div class="btn-partne	2020-07-23 09:03:31.156378	9085
ce">251&nbsp;600&nbsp;€ </span></span><div class="btn-partne	2020-07-23 09:03:31.217218	9086
ce">251&nbsp;600&nbsp;€ </span></span><div class="btn-partne	2020-07-23 09:03:31.474696	9087
ce">251&nbsp;600&nbsp;€ </span></span><div class="btn-partne	2020-07-23 09:03:31.852319	9088
ce">251&nbsp;600&nbsp;€ </span></span><div class="btn-partne	2020-07-23 09:03:32.132575	9089
ce">251&nbsp;600&nbsp;€ </span></span><div class="btn-partne	2020-07-23 09:03:32.249835	9090
ce">251&nbsp;600&nbsp;€ </span></span><div class="btn-partne	2020-07-23 09:03:34.800481	9091
ce">251&nbsp;600&nbsp;€ </span></span><div class="btn-partne	2020-07-23 09:03:35.482469	9092
ce">251&nbsp;600&nbsp;€ </span></span><div class="btn-partne	2020-07-23 09:03:35.651189	9093
ce">251&nbsp;600&nbsp;€ </span></span><div class="btn-partne	2020-07-23 09:03:35.742323	9094
ce">251&nbsp;600&nbsp;€ </span></span><div class="btn-partne	2020-07-23 09:03:36.16929	9095
ce">251&nbsp;600&nbsp;€ </span></span><div class="btn-partne	2020-07-23 09:03:36.374647	9096
ce">251&nbsp;600&nbsp;€ </span></span><div class="btn-partne	2020-07-23 09:03:36.545646	9097
ce">251&nbsp;600&nbsp;€ </span></span><div class="btn-partne	2020-07-23 09:03:36.575943	9098
ce">251&nbsp;600&nbsp;€ </span></span><div class="btn-partne	2020-07-23 09:03:37.493257	9099
ce">251&nbsp;600&nbsp;€ </span></span><div class="btn-partne	2020-07-23 09:03:37.577993	9100
ce">251&nbsp;600&nbsp;€ </span></span><div class="btn-partne	2020-07-23 09:03:37.745026	9101
ce">251&nbsp;600&nbsp;€ </span></span><div class="btn-partne	2020-07-23 09:03:37.830642	9102
ce">251&nbsp;600&nbsp;€ </span></span><div class="btn-partne	2020-07-23 09:03:37.974049	9103
ce">251&nbsp;600&nbsp;€ </span></span><div class="btn-partne	2020-07-23 09:03:38.475895	9104
ce">251&nbsp;600&nbsp;€ </span></span><div class="btn-partne	2020-07-23 09:03:38.511959	9105
ce">251&nbsp;600&nbsp;€ </span></span><div class="btn-partne	2020-07-23 09:03:38.648824	9106
ce">251&nbsp;600&nbsp;€ </span></span><div class="btn-partne	2020-07-23 09:03:41.159822	9107
ce">251&nbsp;600&nbsp;€ </span></span><div class="btn-partne	2020-07-23 09:03:42.138847	9108
ce">251&nbsp;600&nbsp;€ </span></span><div class="btn-partne	2020-07-23 09:03:42.220859	9109
ce">251&nbsp;600&nbsp;€ </span></span><div class="btn-partne	2020-07-23 09:03:42.327698	9110
ce">251&nbsp;600&nbsp;€ </span></span><div class="btn-partne	2020-07-23 09:03:42.390109	9111
ce">251&nbsp;600&nbsp;€ </span></span><div class="btn-partne	2020-07-23 09:03:42.830079	9112
ce">251&nbsp;600&nbsp;€ </span></span><div class="btn-partne	2020-07-23 09:03:43.105824	9113
ce">251&nbsp;600&nbsp;€ </span></span><div class="btn-partne	2020-07-23 09:03:43.117894	9114
ce">251&nbsp;600&nbsp;€ </span></span><div class="btn-partne	2020-07-23 09:03:43.498131	9115
ce">251&nbsp;600&nbsp;€ </span></span><div class="btn-partne	2020-07-23 09:03:43.75107	9116
ce">251&nbsp;600&nbsp;€ </span></span><div class="btn-partne	2020-07-23 09:03:43.870381	9117
ce">251&nbsp;600&nbsp;€ </span></span><div class="btn-partne	2020-07-23 09:03:44.180676	9118
ce">251&nbsp;600&nbsp;€ </span></span><div class="btn-partne	2020-07-23 09:03:44.585204	9119
ce">251&nbsp;600&nbsp;€ </span></span><div class="btn-partne	2020-07-23 09:03:44.821445	9120
ce">251&nbsp;600&nbsp;€ </span></span><div class="btn-partne	2020-07-23 09:03:45.115294	9121
ce">251&nbsp;600&nbsp;€ </span></span><div class="btn-partne	2020-07-23 09:03:45.200277	9122
ce">251&nbsp;600&nbsp;€ </span></span><div class="btn-partne	2020-07-23 09:03:47.597195	9123
ce">251&nbsp;600&nbsp;€ </span></span><div class="btn-partne	2020-07-23 09:03:48.513779	9124
ce">251&nbsp;600&nbsp;€ </span></span><div class="btn-partne	2020-07-23 09:03:48.618924	9125
ce">251&nbsp;600&nbsp;€ </span></span><div class="btn-partne	2020-07-23 09:03:48.81674	9126
ce">251&nbsp;600&nbsp;€ </span></span><div class="btn-partne	2020-07-23 09:03:48.829644	9127
ce">251&nbsp;600&nbsp;€ </span></span><div class="btn-partne	2020-07-23 09:03:49.023674	9128
ce">251&nbsp;600&nbsp;€ </span></span><div class="btn-partne	2020-07-23 09:03:49.153734	9129
ce">251&nbsp;600&nbsp;€ </span></span><div class="btn-partne	2020-07-23 09:03:49.298163	9130
ce">251&nbsp;600&nbsp;€ </span></span><div class="btn-partne	2020-07-23 09:03:49.621336	9131
ce">251&nbsp;600&nbsp;€ </span></span><div class="btn-partne	2020-07-23 09:03:49.744753	9132
ce">251&nbsp;600&nbsp;€ </span></span><div class="btn-partne	2020-07-23 09:03:49.951186	9133
ce">251&nbsp;600&nbsp;€ </span></span><div class="btn-partne	2020-07-23 09:03:50.350246	9134
ce">251&nbsp;600&nbsp;€ </span></span><div class="btn-partne	2020-07-23 09:03:50.540829	9135
ce">251&nbsp;600&nbsp;€ </span></span><div class="btn-partne	2020-07-23 09:03:51.434668	9136
ce">251&nbsp;600&nbsp;€ </span></span><div class="btn-partne	2020-07-23 09:03:52.034698	9137
ce">251&nbsp;600&nbsp;€ </span></span><div class="btn-partne	2020-07-23 09:03:53.562333	9138
ce">251&nbsp;600&nbsp;€ </span></span><div class="btn-partne	2020-07-23 09:03:53.87118	9139
ce">251&nbsp;600&nbsp;€ </span></span><div class="btn-partne	2020-07-23 09:03:54.573892	9140
ce">251&nbsp;600&nbsp;€ </span></span><div class="btn-partne	2020-07-23 09:03:54.608194	9141
ce">251&nbsp;600&nbsp;€ </span></span><div class="btn-partne	2020-07-23 09:03:54.694586	9142
ce">251&nbsp;600&nbsp;€ </span></span><div class="btn-partne	2020-07-23 09:03:54.784642	9143
ce">251&nbsp;600&nbsp;€ </span></span><div class="btn-partne	2020-07-23 09:03:55.47351	9144
ce">251&nbsp;600&nbsp;€ </span></span><div class="btn-partne	2020-07-23 09:03:55.575961	9145
ce">251&nbsp;600&nbsp;€ </span></span><div class="btn-partne	2020-07-23 09:03:55.704971	9146
ce">251&nbsp;600&nbsp;€ </span></span><div class="btn-partne	2020-07-23 09:03:55.964555	9147
ce">251&nbsp;600&nbsp;€ </span></span><div class="btn-partne	2020-07-23 09:03:56.03032	9148
ce">251&nbsp;600&nbsp;€ </span></span><div class="btn-partne	2020-07-23 09:03:56.149111	9149
ce">251&nbsp;600&nbsp;€ </span></span><div class="btn-partne	2020-07-23 09:03:57.007402	9150
ce">251&nbsp;600&nbsp;€ </span></span><div class="btn-partne	2020-07-23 09:03:57.214152	9151
ce">251&nbsp;600&nbsp;€ </span></span><div class="btn-partne	2020-07-23 09:03:57.874056	9152
ce">251&nbsp;600&nbsp;€ </span></span><div class="btn-partne	2020-07-23 09:03:57.978255	9153
ce">251&nbsp;600&nbsp;€ </span></span><div class="btn-partne	2020-07-23 09:04:00.376702	9154
ce">251&nbsp;600&nbsp;€ </span></span><div class="btn-partne	2020-07-23 09:04:00.418215	9155
ce">251&nbsp;600&nbsp;€ </span></span><div class="btn-partne	2020-07-23 09:04:00.941239	9156
ce">251&nbsp;600&nbsp;€ </span></span><div class="btn-partne	2020-07-23 09:04:01.172348	9157
ce">251&nbsp;600&nbsp;€ </span></span><div class="btn-partne	2020-07-23 09:04:01.670069	9158
ce">251&nbsp;600&nbsp;€ </span></span><div class="btn-partne	2020-07-23 09:04:01.793231	9159
ce">251&nbsp;600&nbsp;€ </span></span><div class="btn-partne	2020-07-23 09:04:02.006288	9160
ce">251&nbsp;600&nbsp;€ </span></span><div class="btn-partne	2020-07-23 09:04:02.154872	9161
ce">251&nbsp;600&nbsp;€ </span></span><div class="btn-partne	2020-07-23 09:04:02.172852	9162
ce">251&nbsp;600&nbsp;€ </span></span><div class="btn-partne	2020-07-23 09:04:02.361984	9163
ce">251&nbsp;600&nbsp;€ </span></span><div class="btn-partne	2020-07-23 09:04:02.598169	9164
ce">251&nbsp;600&nbsp;€ </span></span><div class="btn-partne	2020-07-23 09:04:03.163222	9165
ce">251&nbsp;600&nbsp;€ </span></span><div class="btn-partne	2020-07-23 09:04:03.519824	9166
ce">251&nbsp;600&nbsp;€ </span></span><div class="btn-partne	2020-07-23 09:04:03.827481	9167
ce">251&nbsp;600&nbsp;€ </span></span><div class="btn-partne	2020-07-23 09:04:03.871156	9168
ce">251&nbsp;600&nbsp;€ </span></span><div class="btn-partne	2020-07-23 09:04:05.932756	9169
ce">251&nbsp;600&nbsp;€ </span></span><div class="btn-partne	2020-07-23 09:04:06.343339	9170
ce">251&nbsp;600&nbsp;€ </span></span><div class="btn-partne	2020-07-23 09:04:06.677551	9171
ce">251&nbsp;600&nbsp;€ </span></span><div class="btn-partne	2020-07-23 09:04:07.140268	9172
ce">251&nbsp;600&nbsp;€ </span></span><div class="btn-partne	2020-07-23 09:04:07.327871	9173
ce">251&nbsp;600&nbsp;€ </span></span><div class="btn-partne	2020-07-23 09:04:07.694208	9174
ce">251&nbsp;600&nbsp;€ </span></span><div class="btn-partne	2020-07-23 09:04:07.934911	9175
ce">251&nbsp;600&nbsp;€ </span></span><div class="btn-partne	2020-07-23 09:04:08.395743	9176
ce">251&nbsp;600&nbsp;€ </span></span><div class="btn-partne	2020-07-23 09:04:08.428622	9177
ce">251&nbsp;600&nbsp;€ </span></span><div class="btn-partne	2020-07-23 09:04:08.437264	9178
ce">251&nbsp;600&nbsp;€ </span></span><div class="btn-partne	2020-07-23 09:04:08.492029	9179
ce">251&nbsp;600&nbsp;€ </span></span><div class="btn-partne	2020-07-23 09:04:08.853897	9180
ce">251&nbsp;600&nbsp;€ </span></span><div class="btn-partne	2020-07-23 09:04:09.269815	9181
ce">251&nbsp;600&nbsp;€ </span></span><div class="btn-partne	2020-07-23 09:04:09.573235	9182
ce">251&nbsp;600&nbsp;€ </span></span><div class="btn-partne	2020-07-23 09:04:09.916576	9183
ce">251&nbsp;600&nbsp;€ </span></span><div class="btn-partne	2020-07-23 09:04:10.470816	9184
ce">251&nbsp;600&nbsp;€ </span></span><div class="btn-partne	2020-07-23 09:04:12.27873	9185
ce">251&nbsp;600&nbsp;€ </span></span><div class="btn-partne	2020-07-23 09:04:13.008677	9186
ce">251&nbsp;600&nbsp;€ </span></span><div class="btn-partne	2020-07-23 09:04:13.045369	9187
ce">251&nbsp;600&nbsp;€ </span></span><div class="btn-partne	2020-07-23 09:04:13.816161	9188
ce">251&nbsp;600&nbsp;€ </span></span><div class="btn-partne	2020-07-23 09:04:13.850258	9189
ce">251&nbsp;600&nbsp;€ </span></span><div class="btn-partne	2020-07-23 09:04:13.9515	9190
ce">251&nbsp;600&nbsp;€ </span></span><div class="btn-partne	2020-07-23 09:04:14.400689	9191
ce">251&nbsp;600&nbsp;€ </span></span><div class="btn-partne	2020-07-23 09:04:14.8276	9192
ce">251&nbsp;600&nbsp;€ </span></span><div class="btn-partne	2020-07-23 09:04:14.929947	9193
ce">251&nbsp;600&nbsp;€ </span></span><div class="btn-partne	2020-07-23 09:04:15.056401	9194
ce">251&nbsp;600&nbsp;€ </span></span><div class="btn-partne	2020-07-23 09:04:15.236981	9195
ce">251&nbsp;600&nbsp;€ </span></span><div class="btn-partne	2020-07-23 09:04:15.42553	9196
ce">251&nbsp;600&nbsp;€ </span></span><div class="btn-partne	2020-07-23 09:04:15.768247	9197
ce">251&nbsp;600&nbsp;€ </span></span><div class="btn-partne	2020-07-23 09:04:16.042157	9198
ce">251&nbsp;600&nbsp;€ </span></span><div class="btn-partne	2020-07-23 09:04:16.063124	9199
ce">251&nbsp;600&nbsp;€ </span></span><div class="btn-partne	2020-07-23 09:04:16.944009	9200
ce">251&nbsp;600&nbsp;€ </span></span><div class="btn-partne	2020-07-23 09:04:18.694951	9201
ce">251&nbsp;600&nbsp;€ </span></span><div class="btn-partne	2020-07-23 09:04:19.534393	9202
ce">251&nbsp;600&nbsp;€ </span></span><div class="btn-partne	2020-07-23 09:04:19.653418	9203
ce">251&nbsp;600&nbsp;€ </span></span><div class="btn-partne	2020-07-23 09:04:19.852536	9204
ce">251&nbsp;600&nbsp;€ </span></span><div class="btn-partne	2020-07-23 09:04:20.054436	9205
ce">251&nbsp;600&nbsp;€ </span></span><div class="btn-partne	2020-07-23 09:04:20.364013	9206
ce">251&nbsp;600&nbsp;€ </span></span><div class="btn-partne	2020-07-23 09:04:20.374848	9207
ce">251&nbsp;600&nbsp;€ </span></span><div class="btn-partne	2020-07-23 09:04:20.983974	9208
ce">251&nbsp;600&nbsp;€ </span></span><div class="btn-partne	2020-07-23 09:04:21.113502	9209
ce">251&nbsp;600&nbsp;€ </span></span><div class="btn-partne	2020-07-23 09:04:21.23246	9210
ce">251&nbsp;600&nbsp;€ </span></span><div class="btn-partne	2020-07-23 09:04:21.705307	9211
ce">251&nbsp;600&nbsp;€ </span></span><div class="btn-partne	2020-07-23 09:04:22.18631	9212
ce">251&nbsp;600&nbsp;€ </span></span><div class="btn-partne	2020-07-23 09:04:22.220282	9213
ce">251&nbsp;600&nbsp;€ </span></span><div class="btn-partne	2020-07-23 09:04:22.230054	9214
ce">251&nbsp;600&nbsp;€ </span></span><div class="btn-partne	2020-07-23 09:04:22.343751	9215
ce">251&nbsp;600&nbsp;€ </span></span><div class="btn-partne	2020-07-23 09:04:23.114975	9216
ce">251&nbsp;600&nbsp;€ </span></span><div class="btn-partne	2020-07-23 09:04:24.993175	9217
ce">251&nbsp;600&nbsp;€ </span></span><div class="btn-partne	2020-07-23 09:04:25.519755	9218
ce">251&nbsp;600&nbsp;€ </span></span><div class="btn-partne	2020-07-23 09:04:25.79148	9219
ce">251&nbsp;600&nbsp;€ </span></span><div class="btn-partne	2020-07-23 09:04:26.104008	9220
ce">251&nbsp;600&nbsp;€ </span></span><div class="btn-partne	2020-07-23 09:04:26.510181	9221
ce">251&nbsp;600&nbsp;€ </span></span><div class="btn-partne	2020-07-23 09:04:26.561877	9222
ce">251&nbsp;600&nbsp;€ </span></span><div class="btn-partne	2020-07-23 09:04:26.570232	9223
ce">251&nbsp;600&nbsp;€ </span></span><div class="btn-partne	2020-07-23 09:04:27.086733	9224
ce">251&nbsp;600&nbsp;€ </span></span><div class="btn-partne	2020-07-23 09:04:27.64941	9225
ce">251&nbsp;600&nbsp;€ </span></span><div class="btn-partne	2020-07-23 09:04:27.984869	9226
ce">251&nbsp;600&nbsp;€ </span></span><div class="btn-partne	2020-07-23 09:04:28.198817	9227
ce">251&nbsp;600&nbsp;€ </span></span><div class="btn-partne	2020-07-23 09:04:28.708236	9228
ce">251&nbsp;600&nbsp;€ </span></span><div class="btn-partne	2020-07-23 09:04:28.825062	9229
ce">251&nbsp;600&nbsp;€ </span></span><div class="btn-partne	2020-07-23 09:04:29.014982	9230
ce">251&nbsp;600&nbsp;€ </span></span><div class="btn-partne	2020-07-23 09:04:29.260071	9231
ce">251&nbsp;600&nbsp;€ </span></span><div class="btn-partne	2020-07-23 09:04:29.44348	9232
ce">251&nbsp;600&nbsp;€ </span></span><div class="btn-partne	2020-07-23 09:04:31.197619	9233
ce">251&nbsp;600&nbsp;€ </span></span><div class="btn-partne	2020-07-23 09:04:32.145664	9234
ce">251&nbsp;600&nbsp;€ </span></span><div class="btn-partne	2020-07-23 09:04:32.357078	9235
ce">251&nbsp;600&nbsp;€ </span></span><div class="btn-partne	2020-07-23 09:04:32.690466	9236
ce">251&nbsp;600&nbsp;€ </span></span><div class="btn-partne	2020-07-23 09:04:32.725858	9237
ce">251&nbsp;600&nbsp;€ </span></span><div class="btn-partne	2020-07-23 09:04:32.956533	9238
ce">251&nbsp;600&nbsp;€ </span></span><div class="btn-partne	2020-07-23 09:04:33.151001	9239
ce">251&nbsp;600&nbsp;€ </span></span><div class="btn-partne	2020-07-23 09:04:33.275711	9240
ce">251&nbsp;600&nbsp;€ </span></span><div class="btn-partne	2020-07-23 09:04:33.639323	9241
ce">251&nbsp;600&nbsp;€ </span></span><div class="btn-partne	2020-07-23 09:04:33.742648	9242
ce">251&nbsp;600&nbsp;€ </span></span><div class="btn-partne	2020-07-23 09:04:34.479675	9243
ce">251&nbsp;600&nbsp;€ </span></span><div class="btn-partne	2020-07-23 09:04:34.878021	9244
ce">251&nbsp;600&nbsp;€ </span></span><div class="btn-partne	2020-07-23 09:04:35.641402	9245
ce">251&nbsp;600&nbsp;€ </span></span><div class="btn-partne	2020-07-23 09:04:35.778413	9246
ce">251&nbsp;600&nbsp;€ </span></span><div class="btn-partne	2020-07-23 09:04:35.789159	9247
ce">251&nbsp;600&nbsp;€ </span></span><div class="btn-partne	2020-07-23 09:04:35.842268	9248
ce">251&nbsp;600&nbsp;€ </span></span><div class="btn-partne	2020-07-23 09:04:37.90979	9249
ce">251&nbsp;600&nbsp;€ </span></span><div class="btn-partne	2020-07-23 09:04:38.327696	9250
ce">251&nbsp;600&nbsp;€ </span></span><div class="btn-partne	2020-07-23 09:04:38.498957	9251
ce">251&nbsp;600&nbsp;€ </span></span><div class="btn-partne	2020-07-23 09:04:38.832342	9252
ce">251&nbsp;600&nbsp;€ </span></span><div class="btn-partne	2020-07-23 09:04:38.960393	9253
ce">251&nbsp;600&nbsp;€ </span></span><div class="btn-partne	2020-07-23 09:04:39.450932	9254
ce">251&nbsp;600&nbsp;€ </span></span><div class="btn-partne	2020-07-23 09:04:39.691241	9255
ce">251&nbsp;600&nbsp;€ </span></span><div class="btn-partne	2020-07-23 09:04:39.829727	9256
ce">251&nbsp;600&nbsp;€ </span></span><div class="btn-partne	2020-07-23 09:04:39.891261	9257
ce">251&nbsp;600&nbsp;€ </span></span><div class="btn-partne	2020-07-23 09:04:40.456007	9258
ce">251&nbsp;600&nbsp;€ </span></span><div class="btn-partne	2020-07-23 09:04:40.875004	9259
ce">251&nbsp;600&nbsp;€ </span></span><div class="btn-partne	2020-07-23 09:04:41.34397	9260
ce">251&nbsp;600&nbsp;€ </span></span><div class="btn-partne	2020-07-23 09:04:41.765232	9261
ce">251&nbsp;600&nbsp;€ </span></span><div class="btn-partne	2020-07-23 09:04:41.810598	9262
ce">251&nbsp;600&nbsp;€ </span></span><div class="btn-partne	2020-07-23 09:04:42.273668	9263
ce">251&nbsp;600&nbsp;€ </span></span><div class="btn-partne	2020-07-23 09:04:42.346101	9264
ce">251&nbsp;600&nbsp;€ </span></span><div class="btn-partne	2020-07-23 09:04:43.693451	9265
ce">251&nbsp;600&nbsp;€ </span></span><div class="btn-partne	2020-07-23 09:04:44.207749	9266
ce">251&nbsp;600&nbsp;€ </span></span><div class="btn-partne	2020-07-23 09:04:44.330001	9267
ce">251&nbsp;600&nbsp;€ </span></span><div class="btn-partne	2020-07-23 09:04:44.873971	9268
ce">251&nbsp;600&nbsp;€ </span></span><div class="btn-partne	2020-07-23 09:04:44.997205	9269
ce">251&nbsp;600&nbsp;€ </span></span><div class="btn-partne	2020-07-23 09:04:45.003642	9270
ce">251&nbsp;600&nbsp;€ </span></span><div class="btn-partne	2020-07-23 09:04:45.233649	9271
ce">251&nbsp;600&nbsp;€ </span></span><div class="btn-partne	2020-07-23 09:04:45.300564	9272
ce">251&nbsp;600&nbsp;€ </span></span><div class="btn-partne	2020-07-23 09:04:45.329658	9273
ce">251&nbsp;600&nbsp;€ </span></span><div class="btn-partne	2020-07-23 09:04:45.505333	9274
ce">251&nbsp;600&nbsp;€ </span></span><div class="btn-partne	2020-07-23 09:04:45.691873	9275
ce">251&nbsp;600&nbsp;€ </span></span><div class="btn-partne	2020-07-23 09:04:45.826548	9276
ce">251&nbsp;600&nbsp;€ </span></span><div class="btn-partne	2020-07-23 09:04:45.869091	9277
ce">251&nbsp;600&nbsp;€ </span></span><div class="btn-partne	2020-07-23 09:04:45.940327	9278
ce">251&nbsp;600&nbsp;€ </span></span><div class="btn-partne	2020-07-30 15:15:02.559183	9279
ce">251&nbsp;600&nbsp;€ </span></span><div class="btn-partne	2020-07-30 15:15:02.618234	9280
ce">251&nbsp;600&nbsp;€ </span></span><div class="btn-partne	2020-07-30 15:15:02.626565	9281
ce">251&nbsp;600&nbsp;€ </span></span><div class="btn-partne	2020-07-30 15:15:02.634919	9282
ce">251&nbsp;600&nbsp;€ </span></span><div class="btn-partne	2020-07-30 15:15:02.700419	9283
ce">251&nbsp;600&nbsp;€ </span></span><div class="btn-partne	2020-07-30 15:15:04.876869	9284
ce">251&nbsp;600&nbsp;€ </span></span><div class="btn-partne	2020-07-30 15:15:05.130323	9285
ce">251&nbsp;600&nbsp;€ </span></span><div class="btn-partne	2020-07-30 15:15:05.143263	9286
ce">251&nbsp;600&nbsp;€ </span></span><div class="btn-partne	2020-07-30 15:15:05.169607	9287
ce">251&nbsp;600&nbsp;€ </span></span><div class="btn-partne	2020-07-30 15:15:05.180248	9288
ce">251&nbsp;600&nbsp;€ </span></span><div class="btn-partne	2020-07-30 15:15:07.35325	9289
ce">251&nbsp;600&nbsp;€ </span></span><div class="btn-partne	2020-07-30 15:15:07.403778	9290
ce">251&nbsp;600&nbsp;€ </span></span><div class="btn-partne	2020-07-30 15:15:07.499413	9291
ce">251&nbsp;600&nbsp;€ </span></span><div class="btn-partne	2020-07-30 15:15:07.510132	9292
ce">251&nbsp;600&nbsp;€ </span></span><div class="btn-partne	2020-07-30 15:15:07.741054	9293
ce">251&nbsp;600&nbsp;€ </span></span><div class="btn-partne	2020-07-30 15:15:09.092138	9294
ce">251&nbsp;600&nbsp;€ </span></span><div class="btn-partne	2020-07-30 15:20:07.383108	9295
ce">251&nbsp;600&nbsp;€ </span></span><div class="btn-partne	2020-07-30 15:20:07.468831	9296
ce">251&nbsp;600&nbsp;€ </span></span><div class="btn-partne	2020-07-30 15:20:07.649663	9297
ce">251&nbsp;600&nbsp;€ </span></span><div class="btn-partne	2020-07-30 15:20:07.791176	9298
ce">251&nbsp;600&nbsp;€ </span></span><div class="btn-partne	2020-07-30 15:20:07.81933	9299
ce">251&nbsp;600&nbsp;€ </span></span><div class="btn-partne	2020-07-30 15:20:09.487378	9300
ce">251&nbsp;600&nbsp;€ </span></span><div class="btn-partne	2020-07-30 15:20:09.665047	9301
ce">251&nbsp;600&nbsp;€ </span></span><div class="btn-partne	2020-07-30 15:20:09.926334	9302
ce">251&nbsp;600&nbsp;€ </span></span><div class="btn-partne	2020-07-30 15:20:09.98039	9303
ce">251&nbsp;600&nbsp;€ </span></span><div class="btn-partne	2020-07-30 15:20:10.031963	9304
ce">251&nbsp;600&nbsp;€ </span></span><div class="btn-partne	2020-07-30 15:20:11.6174	9305
ce">251&nbsp;600&nbsp;€ </span></span><div class="btn-partne	2020-07-30 15:20:12.03124	9306
ce">251&nbsp;600&nbsp;€ </span></span><div class="btn-partne	2020-07-30 15:20:12.101131	9307
ce">251&nbsp;600&nbsp;€ </span></span><div class="btn-partne	2020-07-30 15:20:12.242726	9308
ce">251&nbsp;600&nbsp;€ </span></span><div class="btn-partne	2020-07-30 15:20:12.470927	9309
ce">251&nbsp;600&nbsp;€ </span></span><div class="btn-partne	2020-07-30 15:20:13.672579	9310
\.


--
-- Data for Name: users; Type: TABLE DATA; Schema: public; Owner: fred
--

COPY public.users (id, first_name, last_name, street, cp, city, siret, iban, free_mode, registration_date, company_name, password, email, activated, tva_num, tel, activation_token, company_cp, company_city, company_adresse, reset_password_token, civil, email_alert_enabled, id_stripe, email_alert, payment_method, cb_infos, sepa_infos, payment_method_id) FROM stdin;
83	ziyuizyi	eyzuzetu	\N	\N	\N	85064681100032	\N	t	2020-11-10 11:09:43+00	yezuze	$2b$10$Gl/guNNd9g4WpLmvNDllhusm5imWj0jT0SznvOPnjR3E/EvQNr9L6	test3@hotmail.fr	t		0667573379	\N	94800	zueyez	yzuizey	\N	Monsieur	f	\N	test3@hotmail.fr	\N	\N	\N	\N
74	marcel	cristini	\N	\N	\N	79057896700016	\N	t	2020-11-07 10:38:06+00	AF DISTRIBUTION	$2b$10$iQQ9ux1pc4Bk9tkYgYYaFuoOUADKZfY6qWSEq26yopMNGTmF0.xii	marcel.cristini@gmail.com	t	FR01790578967	0614304929	\N	13130	BERRE L ETANG	RD 113 les grapoux	ba40a523f5396ddabbef7e804b680eb6affe4654bc370bfdd7189db4d97b7929065fcd691f350e56d58f19f640041484	\N	f	\N	marcel.cristini@gmail.com	\N	\N	\N	\N
78	\N	\N	\N	\N	\N	\N	\N	t	2020-11-09 14:14:20+00	\N	\N	moutardedijono@gmail.com	f	\N	\N	cb66ff0f5971728856f3419d66e9df320d22028ca31b07fe54dd253bed7395780d6236fbb47634b03841968daad213f6	\N	\N	\N	\N	\N	f	\N	moutardedijono@gmail.com	\N	\N	\N	\N
66	Fred	Ferri	\N	\N	\N		\N	t	2020-10-27 13:21:33+00		$2b$10$DV6rTljhkGcjwLZ2Vz/By.7giw7rHzcpGriDW5xd.neiXsRhCbsKW	ferri.frederic@yahoo.fr	t		0667573379	\N				e0be6a179c66717c9e7de05c760df1c4291ef453056231f53a63a9a9ae6f115baa4746977f9301c5afc30455212665b1	\N	f	cus_IJhZMqAqDkggmj	\N	cb	{"cardNumber":"4242 4242 4242 4242","expiryMonth":"1","expiryYear":"23","cvc":"333","userLastName":"Ferri","userFirstName":"Fred","userEmail":"ferri.frederic@yahoo.fr","userId":"66"}	{"iban":"FR14 2004 1010 0505 0001 3M02 606","userEmail":"ferri.frederic@yahoo.fr","userLastName":"Ferri","userFirstName":"Fred","userPhone":"0667573379"}	\N
79	\N	\N	\N	\N	\N	\N	\N	t	2020-11-09 14:15:17+00	\N	\N	moutarde.dijono@yahoo.com	f	\N	\N	817ed7559dddf8436f6795d6e462f1069dbcf586f19f3c09d3fc34508d969f62907c95a7d0e94c421636f76d5dd305f8	\N	\N	\N	\N	\N	f	\N	moutarde.dijono@yahoo.com	\N	\N	\N	\N
72	Jérôme	Carle	\N	\N	\N	79227444200015	\N	t	2020-11-06 18:46:08+00	CARLE INC	$2b$10$N9Eoj4/w43xDDTqUKwr9xetam6lcm01va2RrHl5vwGPg3UBfV1X1u	carlejerome@gmail.com	t	FR90802298872	0630887620	\N	75001	Paris	5 rue des lilas	\N	\N	f	\N	carlejerome@gmail.com	\N	\N	\N	\N
80	\N	\N	\N	\N	\N	\N	\N	t	2020-11-09 14:17:42+00	\N	\N	moutarde.dijono@gmail.com	f	\N	\N	407ad6c253a3a106af09460b9709fc7e2b90f2a0f233e8672e1889850abc9c17317658e15ba78ddde3e7b52429a815a9	\N	\N	\N	\N	\N	f	\N	moutarde.dijono@gmail.com	\N	\N	\N	\N
70	fr	Machine	\N	\N	\N	85064681100032	\N	t	2020-11-04 14:15:38+00	Argos	$2b$10$/lp0gxLig04zwkYOcFu1kOy.BCIUqtZdOaAwyRAC4mfhCPhEz0W8K	test@hotmail.com	t	78005454054004045	0667573379	\N	34000	Montpellier	20 Rue Cavelier de la Salle, Montpellier, France	\N	Monsieur	t	cus_IKSkDxJwDUSL3c	test@hotmail.com	sepa	{"cardNumber":"42424242 4242 4242","expiryMonth":"01","expiryYear":"21","cvc":"111","userLastName":"Machin","userFirstName":"Marc","userEmail":"test@hotmail.com","userId":"70"}	{"iban":"FR14 2004 1010 0505 0001 3M02 606","userEmail":"test@hotmail.com","userLastName":"Machin","userFirstName":"Marc","userPhone":"0667573379"}	pm_1HjozNFQhqMEtWtAD8kFiPJr
61	fredosszrevvk	cocossuxzzz	\N	\N	\N	08870070098964	\N	t	2020-10-08 11:28:30+00	Argos	$2b$10$/cazeAK/XRoywtAsyvbxRO1k2cWM1N4Qf2oD0/lI4Zj7Q.ttdadHy	fredericferri44@gmail.com	t		0667573379	\N	13100	Aix-en-Provence	3 rue Gédéon	dca17cf12121b2c218354e95d384ec4f0cbc6d59193703f42ab432c6be2947abb8d508b75f4e31ff7684c8bf87ec6581	Madame	t	cus_ICYGanTWEQA7WY	fredericferri04@gmail.com	\N	\N	\N	\N
71	Jean	Paul	\N	\N	\N	85064681100032	\N	t	2020-11-06 08:47:43+00	argos	$2b$10$gEECL2UT/oTYG2TFvJrn4O.Y/C2zXTZ1Y8IAsY6hHR6iwYjajBL0e	test@hotmail.fr	t		0606060606	\N	94800	Villejuif	20 rue zrk	\N	Monsieur	f	\N	test@hotmail.fr	sepa	{"cardNumber":"3782 8224 6310 005","expiryMonth":"10","expiryYear":"22","cvc":"1111"}	{"iban":"FR14 2004 1010 0505 0001 3M02 606"}	\N
81	fred	foo	\N	\N	\N	71202092400031	\N	t	2020-11-09 14:25:58+00	Argos	$2b$10$D9KyJdBy9tEBqIwvj64EVuWmenjA.ZH/iw9OOtX3Jt6qk9Wi0san.	test.test@gmail.com	t	FR 40 123456824 	0667573379	\N				\N	\N	t	cus_IMK8C8qJ2cDCuq	test.test@gmail.com	cb	{"cardNumber":"5555 5555 5555 4444","expiryMonth":"01","expiryYear":"31","cvc":"333","userLastName":"foo","userFirstName":"fred","userEmail":"test.test@gmail.com","userId":"81"}	\N	pm_1HlbToFQhqMEtWtAL65D6mtf
76	Amélie	Denis	\N	\N	\N		\N	t	2020-11-08 21:05:47+00		$2b$10$XajR7IHe9mldyAHnQKNLYebGq7NO0ITdlad1eX53uPfaIPMcOmsuO	moutarde.dijon@free.fr	t		0600000000	\N				400522e9f303f98b704b6cb989d1b3d3af7f615ac6832babd0d30cdecc774ab03d98e53ba9ab36201a1809ef44498f9f	\N	f	\N	moutarde.dijon@free.fr	\N	\N	\N	\N
73	Jean	Bon	\N	\N	\N	49874984900015	\N	t	2020-11-06 18:51:57+00	TEST ENTREPRISE2	$2b$10$kM2ds8UXkW0GzIxYIveT9uQJn9HdAS70tQt/t9uWLwnTqv99vMcw6	test@test.fr	t		0660565048	\N	75000	Paris		\N	\N	t	cus_IM1HiAjbpXS6dX	test@test.fr	cb	{"cardNumber":"2424 2424 2424 24","expiryMonth":"10","expiryYear":"24","cvc":"123","userLastName":"Bon","userFirstName":"Jean","userEmail":"test@test.fr","userId":"73"}	\N	\N
82	\N	\N	\N	\N	\N	\N	\N	t	2020-11-10 07:48:27+00	\N	\N	testar@gmail.fr	t	\N	\N	cfff90814f61275918185531f6ea8ce30575cbcabd403479467584da3741b09010147311e61ff39ae56d1d8b0cbebb8f	\N	\N	\N	\N	\N	f	\N	testar@gmail.fr	\N	\N	\N	\N
77	\N	\N	\N	\N	\N	\N	\N	t	2020-11-09 14:13:08+00	\N	\N	rs4.pasdplak@hotmail.fr	f	\N	\N	6f605b6073326a3071b7f973f02a534ef21ff39888364c669b488bb15b0bbbbec3ca436b00b53892508dd6bb4f2643fb	\N	\N	\N	\N	\N	f	\N	rs4.pasdplak@hotmail.fr	\N	\N	\N	\N
75	Jean	BIGONET	\N	\N	\N		\N	t	2020-11-08 19:23:44+00	ENTREPRISE TEST	$2b$10$SykoMq2sHgFdaLAVFJPlG.fhDeu2upWzV15xjQTz5JoUZodz3Ro.m	moutardedijon@gmail.com	t		0630569801	\N				948a9744a54a5bfd405a4eb4c595f2fb495f198678e7306bc98de55f1d0b98d7c45d2220f6f2922cb0267145389913fd	\N	f	\N	moutardedijon@gmail.com	\N	\N	\N	\N
\.


--
-- Name: automation_id_seq; Type: SEQUENCE SET; Schema: public; Owner: fred
--

SELECT pg_catalog.setval('public.automation_id_seq', 59, true);


--
-- Name: invoice_id_seq; Type: SEQUENCE SET; Schema: public; Owner: fred
--

SELECT pg_catalog.setval('public.invoice_id_seq', 1, false);


--
-- Name: station_id_seq; Type: SEQUENCE SET; Schema: public; Owner: fred
--

SELECT pg_catalog.setval('public.station_id_seq', 66, true);


--
-- Name: station_oil_id_seq; Type: SEQUENCE SET; Schema: public; Owner: fred
--

SELECT pg_catalog.setval('public.station_oil_id_seq', 183, true);


--
-- Name: user_oil_history_2_id_seq; Type: SEQUENCE SET; Schema: public; Owner: fred
--

SELECT pg_catalog.setval('public.user_oil_history_2_id_seq', 9310, true);


--
-- Name: user_oil_history_id_seq; Type: SEQUENCE SET; Schema: public; Owner: fred
--

SELECT pg_catalog.setval('public.user_oil_history_id_seq', 136, true);


--
-- Name: users_id_seq; Type: SEQUENCE SET; Schema: public; Owner: fred
--

SELECT pg_catalog.setval('public.users_id_seq', 83, true);


--
-- Name: automation automation_pkey; Type: CONSTRAINT; Schema: public; Owner: fred
--

ALTER TABLE ONLY public.automation
    ADD CONSTRAINT automation_pkey PRIMARY KEY (id);


--
-- Name: automation_test automation_test_pkey; Type: CONSTRAINT; Schema: public; Owner: fred
--

ALTER TABLE ONLY public.automation_test
    ADD CONSTRAINT automation_test_pkey PRIMARY KEY (id);


--
-- Name: invoice invoice_pkey; Type: CONSTRAINT; Schema: public; Owner: fred
--

ALTER TABLE ONLY public.invoice
    ADD CONSTRAINT invoice_pkey PRIMARY KEY (id);


--
-- Name: oil oil_pkey; Type: CONSTRAINT; Schema: public; Owner: fred
--

ALTER TABLE ONLY public.oil
    ADD CONSTRAINT oil_pkey PRIMARY KEY (id);


--
-- Name: station station_pkey; Type: CONSTRAINT; Schema: public; Owner: fred
--

ALTER TABLE ONLY public.station
    ADD CONSTRAINT station_pkey PRIMARY KEY (id);


--
-- Name: user_oil_history_2 user_oil_history_2_pkey; Type: CONSTRAINT; Schema: public; Owner: fred
--

ALTER TABLE ONLY public.user_oil_history_2
    ADD CONSTRAINT user_oil_history_2_pkey PRIMARY KEY (id);


--
-- Name: station_oil_history user_oil_history_pkey; Type: CONSTRAINT; Schema: public; Owner: fred
--

ALTER TABLE ONLY public.station_oil_history
    ADD CONSTRAINT user_oil_history_pkey PRIMARY KEY (id);


--
-- Name: station_oil user_oil_pkey; Type: CONSTRAINT; Schema: public; Owner: fred
--

ALTER TABLE ONLY public.station_oil
    ADD CONSTRAINT user_oil_pkey PRIMARY KEY (id);


--
-- Name: users user_pkey; Type: CONSTRAINT; Schema: public; Owner: fred
--

ALTER TABLE ONLY public.users
    ADD CONSTRAINT user_pkey PRIMARY KEY (id);


--
-- Name: station_oil_history id_oil; Type: FK CONSTRAINT; Schema: public; Owner: fred
--

ALTER TABLE ONLY public.station_oil_history
    ADD CONSTRAINT id_oil FOREIGN KEY (id_oil) REFERENCES public.oil(id) NOT VALID;


--
-- Name: station_oil id_oil; Type: FK CONSTRAINT; Schema: public; Owner: fred
--

ALTER TABLE ONLY public.station_oil
    ADD CONSTRAINT id_oil FOREIGN KEY (id_oil) REFERENCES public.oil(id) ON UPDATE CASCADE NOT VALID;


--
-- Name: station_oil_history id_station; Type: FK CONSTRAINT; Schema: public; Owner: fred
--

ALTER TABLE ONLY public.station_oil_history
    ADD CONSTRAINT id_station FOREIGN KEY (id_station) REFERENCES public.station(id) NOT VALID;


--
-- Name: automation id_station; Type: FK CONSTRAINT; Schema: public; Owner: fred
--

ALTER TABLE ONLY public.automation
    ADD CONSTRAINT id_station FOREIGN KEY (id_station) REFERENCES public.station(id) ON UPDATE CASCADE ON DELETE CASCADE NOT VALID;


--
-- Name: station_oil id_station; Type: FK CONSTRAINT; Schema: public; Owner: fred
--

ALTER TABLE ONLY public.station_oil
    ADD CONSTRAINT id_station FOREIGN KEY (id_station) REFERENCES public.station(id) ON UPDATE CASCADE ON DELETE CASCADE NOT VALID;


--
-- Name: invoice id_user; Type: FK CONSTRAINT; Schema: public; Owner: fred
--

ALTER TABLE ONLY public.invoice
    ADD CONSTRAINT id_user FOREIGN KEY (id_user) REFERENCES public.users(id);


--
-- Name: station id_user; Type: FK CONSTRAINT; Schema: public; Owner: fred
--

ALTER TABLE ONLY public.station
    ADD CONSTRAINT id_user FOREIGN KEY (id_user) REFERENCES public.users(id) ON UPDATE CASCADE ON DELETE CASCADE NOT VALID;


--
-- PostgreSQL database dump complete
--

